,obj_id,frame,x,y,z,xvel,yvel,zvel,P00,P01,P02,P11,P12,P22,P33,P44,P55,trigger_time,ntrig,radius,duration,position
0,39625,622141,-0.0212386311973525,-0.0113087709261202,0.2225646547188483,0.090798175645872,0.0794454667372733,-0.0211782389958037,4.7788155575190075e-08,4.3646673276417364e-10,-1.508307865358949e-08,5.061319374966278e-08,1.188755916039816e-08,1.2315565266778376e-07,0.0008749337475481,0.0008951023073764,0.0012226691063233,1689346880.5433152,1,32,300,320
1,58557,1250635,-0.0197749613370315,-0.0152387191949061,0.2499310076057536,0.0336052496401999,-0.0087050406257802,0.0003804797415178,4.4575510005737276e-08,6.001552011966371e-10,-1.3586690947104346e-08,4.748555244347611e-08,1.0252356091366057e-08,1.0397535785742325e-07,0.000854223366083,0.0008757787972476,0.0011516140672438,1689353169.507201,2,64,300,608
2,60964,1335413,0.0192711253617381,0.0070375347755591,0.1500765747351159,-0.1643757785569236,0.0073856433140575,0.0292281509934964,9.948991046451545e-08,7.765842539885035e-09,9.714643606134307e-08,7.988619059499577e-08,3.098812738583932e-08,3.7450578298420716e-07,0.0010787748830014,0.0010472539818102,0.0017888415703335,1689354017.8317025,3,64,500,224
3,63026,1439963,-0.0195540833407386,0.01302728924889,0.2145134390812669,0.1233304606261207,-0.1258999135698617,-0.0444091600812427,4.8298891533810774e-08,9.724042919512375e-10,-1.4716458039838884e-08,4.99621480261442e-08,1.0166492491926909e-08,1.2780944480976294e-07,0.000878406849346,0.0008915667144724,0.0012394312584556,1689355063.9961853,4,32,500,192
4,63101,1440587,0.0048290379762492,0.0242571233762355,0.17950669538056,-0.1592384165139987,-0.2578545670278947,-0.043363902393387,5.4389663794348545e-08,4.321090421031385e-10,-2.0375672488721405e-08,5.4247331648377806e-08,1.2257163436791142e-08,1.567237822871497e-07,0.0009133978079063,0.0009171011127301,0.0013310453384492,1689355070.248972,5,64,300,544
5,63099,1442697,-0.0009566543202792,0.024461521419498,0.2385852550841054,-0.0776492695241744,-0.0805414051916613,0.0038466637699591,4.630885579585823e-08,1.1144688193013795e-09,-1.4741765641314082e-08,4.6859594472063175e-08,8.642857361984026e-09,1.0998567168151308e-07,0.0008651964821444,0.0008725037492893,0.0011751465660423,1689355091.3573155,6,64,500,64
6,63276,1444142,-0.0128260732342595,-0.0210661046668925,0.1960072144096828,-0.1809356702641787,0.2701403206639475,-0.1080715478912257,1.1028110985644345e-07,1.4420197676044842e-08,1.0727495548850703e-07,7.827641442409633e-08,3.7242416199398984e-08,3.123679176993275e-07,0.0012019841754552,0.0010846191315687,0.0018876300735534,1689355105.8255606,7,64,300,576
7,65608,1519001,0.0184381648919187,-0.0142179229030569,0.192721125391567,-0.2534373713103821,0.4612847697255585,-0.1274923426699429,5.5288992049793577e-08,-9.788048503049696e-10,-2.3490003769677738e-08,5.6378458359703166e-08,1.6696887427768173e-08,1.480466913416727e-07,0.0009163332674476,0.000928168266118,0.0013008904346336,1689355854.8808403,8,64,300,256
8,65904,1526263,-0.0232971732524274,-0.0069134771312647,0.1985406471533723,0.1373486777499727,0.0379878199563503,0.0289222315181368,5.059088031854532e-08,3.581602083145877e-10,-1.6277837750834694e-08,5.332396644498295e-08,1.3212495190522969e-08,1.4202833041249833e-07,0.0008926017369021,0.0009114183335649,0.001286760562723,1689355927.5807903,9,64,500,192
9,66021,1531728,-0.0083525794800309,-0.0233619709717989,0.2039183076153488,0.4292645009932015,0.1291163626997637,-0.0654164275369355,5.161462853684356e-08,-3.6255440464754086e-10,-1.8795966799030032e-08,5.43720960921909e-08,1.5177366941835818e-08,1.389207673461077e-07,0.0008964235764043,0.0009161836712494,0.0012738637807123,1689355982.2330284,10,64,300,192
10,70199,1703347,-0.0241222467104981,-0.0037220043245963,0.2039173742567711,0.0868848586758132,-0.0113653129294814,0.0114150678963015,4.97434292000992e-08,5.107796006347771e-10,-1.564413079177021e-08,5.2362699430243295e-08,1.2422143887559122e-08,1.372554133688537e-07,0.0008875551253904,0.0009058328148901,0.0012712947049106,1689357699.544922,11,64,300,0
11,72269,1741312,0.0245628370817581,0.00298338445341,0.2493667984300354,-0.0325464024811718,-0.1152896452401566,0.0632758904018106,7.343974524350858e-08,5.1083778635442585e-09,5.844802254914335e-08,6.133171043912851e-08,1.7381335554134582e-08,2.000002404810332e-07,0.0009799915207353,0.0009565263511214,0.0014316645654546,1689358079.4446638,12,32,500,544
12,79155,1861771,0.0225027068707054,0.0108401360386122,0.238737411955945,-0.1371916835019171,0.0674228852218876,-0.0434970548541552,4.8375116664793695e-08,3.0914179732616037e-10,-1.8043867519778016e-08,4.871169001031811e-08,1.0926544766360189e-08,1.1117179966748397e-07,0.0008760301658223,0.0008835250262748,0.0011768279144516,1689359284.7692251,13,64,300,448
13,82926,1945251,-0.023727634149115,-0.0058940144295896,0.2403156627708399,0.2005680803524932,0.009514136936707,0.0521415569889456,4.524343419620367e-08,7.872088588498095e-10,-1.3348957340984292e-08,4.79552981948078e-08,1.0042435868434917e-08,1.1004089165249236e-07,0.0008589905444458,0.0008790361933673,0.0011760008278958,1689360120.103969,14,64,500,0
14,82926,1946030,0.008915461895533,-0.0231155189882637,0.1801208930475223,0.0051501484538021,0.1997120092745977,-0.0264079413608431,5.6452638580195056e-08,-1.1602208910078646e-09,-2.3729253113548083e-08,5.8306743759591554e-08,1.8301757653646715e-08,1.595578682300724e-07,0.0009233899024289,0.000938369472428,0.0013369347061824,1689360127.8951902,15,64,300,448
15,82926,1946668,0.0233682071037688,0.0037427842331684,0.2045120487236486,-0.230339876121653,0.0101494522509589,-0.0327425850350584,5.3351743512618385e-08,-3.842482026335008e-10,-2.1917887488345763e-08,5.358373573917189e-08,1.4027594452144994e-08,1.3746260743984766e-07,0.000905364096907,0.0009125498525623,0.0012682040025082,1689360134.3125095,16,32,300,448
16,85441,2032419,-0.0204723838785732,-0.0125122053394955,0.2438461290262355,0.2390061703919538,-0.0420742173825444,-0.0561583761700623,4.519145503100904e-08,6.208528134839774e-10,-1.3748641405115843e-08,4.803401185698175e-08,1.0425897202498814e-08,1.0788874830717865e-07,0.0008579099352376,0.000878939598595,0.0011663275588732,1689360992.376712,17,32,500,160
17,85441,2033125,-0.0101316480173085,0.0224178254572792,0.1621037382433308,-0.0641499539206457,-0.0889892967734086,-0.0014579961808614,5.5640049261756513e-08,5.684466333542506e-10,-1.9723575618960643e-08,5.6203859674900456e-08,1.2923043907331504e-08,1.726779521203043e-07,0.0009219990351087,0.0009289305705303,0.0013790365803651,1689360999.4111772,18,64,300,384
18,85441,2034749,-0.0125569204533541,0.0215607747069803,0.2056409482635767,-0.1945027877503414,-0.1818215295560296,-0.0569560740751765,4.9753458109708974e-08,9.758358197611868e-10,-1.594323900604021e-08,5.066295050319038e-08,1.0173264468464766e-08,1.3446800482024042e-07,0.0008873531435732,0.0008960824151253,0.0012616891850638,1689361015.688932,19,32,300,320
19,85708,2044088,0.0244559348052263,-0.0041468620298744,0.1950993006693274,-0.0246849369916329,0.1895286531980884,0.0328146439785538,5.504191896227718e-08,-7.86590198031593e-10,-2.348604577786016e-08,5.5480753058879487e-08,1.5679005761288195e-08,1.457358902434136e-07,0.0009147303787252,0.000923371584859,0.0012950371121523,1689361109.1250775,20,64,500,224
20,87308,2096745,-0.0184193307967308,0.0026309169347969,0.2495008793989769,-0.1924897970526982,0.2914899027198774,-0.058068097547639,4.6125016717158136e-08,2.6949581803623884e-10,-1.385816962691334e-08,4.960265510074252e-08,1.4377415694230077e-08,1.1309063907218493e-07,0.0008921642169876,0.0009355944128014,0.0012240549435589,1689361636.0292828,21,32,300,32
21,93884,2317707,-0.0241333547971916,-0.0026734277361806,0.2370705558827974,0.3051456094491707,-0.0442301400108354,-0.1402474668370987,4.5500941200576174e-08,8.494309860869658e-10,-1.3305490208503211e-08,4.810537305379399e-08,9.94029987276188e-09,1.1191478158998593e-07,0.0008600692662513,0.0008793967066109,0.0011813300159911,1689363847.0609007,22,32,300,416
22,102841,2638296,0.0204708070382846,-0.0081639269201994,0.2142612200759344,-0.56238276619178,-0.1293480700330757,0.0270344174912769,5.2311787424030544e-08,-5.044104680779098e-10,-2.129087665571042e-08,5.317472866926607e-08,1.4310722920061458e-08,1.3043074760373909e-07,0.0008996203613924,0.0009099408239229,0.0012449696806846,1689367055.000582,23,32,300,256
23,118217,3573756,0.0128476239280016,-0.0203194207196268,0.2484735497996146,-0.2347007644553187,-0.0243512584346428,-0.0426989752384697,4.752057406652694e-08,-1.0183047999507735e-10,-1.7701030550068745e-08,4.932557309557797e-08,1.2189816804914784e-08,1.0588793685415597e-07,0.0008706325791191,0.0008865810217992,0.0011558474141814,1689376415.580821,24,32,500,320
24,120082,3703548,-0.0178520514718491,0.0173615319208085,0.1508563598756325,0.1084437247151926,0.050884950078018,-0.019923396280851,5.6648842510338074e-08,5.132247346717952e-10,-1.9560285244305973e-08,5.7840781878521425e-08,1.4003898299064517e-08,1.83745768391619e-07,0.0009281259700894,0.0009380981467639,0.0014098890681343,1689377714.284196,25,32,300,512
25,120082,3704163,0.0153898497247974,-0.0193729697860703,0.1705003996724257,-0.0881072214008032,0.2055899405720525,0.0420095517720235,5.8562096898542135e-08,-1.4413494292001775e-09,-2.6134040309501227e-08,5.978013286724049e-08,1.9334830966227827e-08,1.7018535617444885e-07,0.0009739197762608,0.000965169832438,0.0014358165348622,1689377720.4393582,26,32,500,608
26,121511,3802723,-0.0008999025544953,-0.0219083332436426,0.1641596088764307,-0.3410772116524189,-0.4621345316487512,-0.0759688199887535,5.778090516653443e-08,-1.0717585365386676e-09,-2.371996412756166e-08,5.997168767236265e-08,1.9127124963238128e-08,1.740093758781384e-07,0.0009317838605237,0.0009470430111338,0.0013786879897241,1689378706.6809003,27,32,500,32
27,125868,4169550,-0.005758425447214,-0.0240421104666154,0.232115083570547,0.0872107612521252,0.2729033706721711,-0.0221584729398385,4.82071334424412e-08,-7.459882498590171e-11,-1.6986035470643724e-08,5.0853569714323284e-08,1.2958265021735508e-08,1.1722850377669559e-07,0.0008760548179938,0.0008960893399539,0.0011999620701479,1689382377.276189,28,64,300,32
28,131828,4510546,-0.0209946576059904,-0.0106796301594122,0.2436475226123406,0.0927753965600574,0.2499398090046937,-0.0362286096407687,4.514917707515474e-08,6.56389072539276e-10,-1.3670243125002205e-08,4.7950688792404137e-08,1.0322237950998091e-08,1.0790827326504169e-07,0.0008580609956257,0.0008789586554092,0.0011669125598878,1689385789.4126666,29,32,500,416
29,135988,4635343,0.0097986321620977,-0.0136415690128834,0.2495558648412797,-0.1757151549353644,0.0756602881757544,-0.0741446578091106,8.109115837547075e-08,7.985069905612888e-09,6.67403953447058e-08,6.408199430200046e-08,2.2055619662008566e-08,2.055411327961015e-07,0.0010071204484733,0.0009685943065008,0.001437329048782,1689387038.2050908,30,64,500,384
30,141434,4866141,0.001578781721021,-0.0246139452238968,0.2005067268401965,0.2403421937942666,0.1690633357224538,-0.0164113393625342,5.3017769065301854e-08,-6.894213876966946e-10,-2.067325294952267e-08,5.533731821869471e-08,1.6121587012560375e-08,1.4194733957401488e-07,0.0009041541999508,0.000921774324211,0.0012833620502309,1689389347.631907,31,32,300,608
31,141508,4867281,0.0116904340923523,-0.0216256508362659,0.1719658191854188,-0.2574858190833282,-0.0800749546932362,-0.1243324225014776,1.002964064481149e-07,1.18675347589163e-08,9.618650331998788e-08,8.013842859700829e-08,3.8415722885096545e-08,3.3771893327825575e-07,0.0010775065411046,0.0010429949621009,0.0017155429976965,1689389359.038346,32,32,300,608
32,141690,4870008,-0.0134044154303951,-0.0202513276585637,0.2431131027174227,0.1462225546940957,0.0009728553514437,-0.0230189960654028,9.524376223231447e-08,1.1371999859462888e-08,8.202182336122772e-08,6.807086182187825e-08,2.6347098194845023e-08,2.220592880914968e-07,0.0010568902792874,0.0009879459175189,0.0014691116307633,1689389386.360866,33,64,500,128
33,141964,4891981,0.0212281062490447,-0.0092929894604045,0.1688333362799901,-0.2234961764768534,0.2004978847221372,-0.0317634473525331,6.437500589657684e-08,-1.4058558195594386e-09,-3.5657327487275464e-08,6.098350087334536e-08,1.6059963931579022e-08,1.9029751843384654e-07,0.0010032453144937,0.0009822520183049,0.0014446614492909,1689389606.2404766,34,64,500,32
34,142022,4893867,0.0127010909131942,-0.0194000656475767,0.2116202427215206,-0.2042898846382675,0.3047368746534537,-0.0505892456882965,5.24486257762178e-08,-6.747428795353281e-10,-2.1097095128054558e-08,5.4073961385135e-08,1.5259537362961847e-08,1.3317967605627046e-07,0.0009004389045551,0.000914954109511,0.0012535981404766,1689389625.069292,35,32,300,352
35,148235,5103993,-0.0243529210220974,0.0015768492441372,0.2036902169651313,0.128813685330304,-0.0954876829619758,0.0394187455769425,4.962613271770289e-08,6.601646360177103e-10,-1.5374000413265452e-08,5.20130291347468e-08,1.187090586683914e-08,1.372282434562291e-07,0.000886976178918,0.0009039001673515,0.0012716557571544,1689391727.70081,36,32,500,544
36,148813,5125548,-0.0207459467405045,0.0107056036861094,0.2392336633246234,0.2938138291319007,-0.0814796747820138,-0.0697700835501142,4.519412218831139e-08,1.135792615724556e-09,-1.303306050237754e-08,4.7080485297679937e-08,8.847761207903285e-09,1.0976967207214141e-07,0.0008583515633622,0.0008734084250176,0.0011742119400877,1689391943.3577445,37,32,300,384
37,151983,5254246,0.0158688719317306,0.0175589121024143,0.2400392186237468,-0.001627248686861,-0.2272572211847565,0.0182860899571511,1.033066386367049e-07,8.841982889058229e-09,-8.291901837656827e-08,6.977592893635574e-08,-2.2336568455804133e-08,2.1288019051895603e-07,0.0010590757895329,0.0009778666532344,0.0014086107107527,1689393231.1641755,38,32,300,416
38,151983,5255603,0.0096802045020242,-0.0226818871985893,0.2030495667666129,0.1013302929040522,0.198602463862653,-0.1086414510613049,5.333145874613549e-08,-8.01515811982836e-10,-2.1521100408876088e-08,5.5201605490379154e-08,1.6094805822020574e-08,1.3967245033998854e-07,0.0009052097655583,0.0009208267752697,0.0012745774675244,1689393244.7607908,39,64,500,224
39,151983,5256114,0.0221286854895913,-0.0106149680369562,0.2436250817919625,-0.116596501686195,0.1118891356743268,0.000119937658906,4.86310805409688e-08,-1.9241562242990087e-10,-1.8814738944824872e-08,4.987604981335399e-08,1.2602198575536024e-08,1.0962717213725869e-07,0.0008958688321936,0.0009281603808564,0.0012334956008135,1689393249.848401,40,32,300,256
40,152032,5256775,-0.0153926761427203,0.0172830187128565,0.1500071836856921,0.072367913109405,0.1390718996948285,0.0562721649578512,5.699807611884767e-08,4.3447481332281076e-10,-2.0103996658184167e-08,5.8077528583262984e-08,1.425647701476668e-08,1.8484462958652637e-07,0.000930176073015,0.0009397226016124,0.0014135963341854,1689393256.463124,41,64,300,416
41,151983,5257476,-0.0043792841304875,0.0174113883038975,0.2497715068061186,-0.1482645652137293,0.0031494822264824,-0.0727482215415802,4.4907493656611286e-08,1.1265962525130087e-09,-1.3880664821852051e-08,4.5944981128751664e-08,8.448931313237945e-09,1.0255645906728939e-07,0.0008561390173647,0.0008664860452704,0.0011457249196171,1689393263.4771264,42,64,300,544
42,152288,5258579,0.0219324466437747,0.0071560891275778,0.1827443220183843,-0.3776004031747044,0.1423128756295448,-0.0187130577258942,5.6115436750722644e-08,-5.620834731640182e-10,-2.3822819079698306e-08,5.605221754983031e-08,1.5253116675672585e-08,1.5562701081524428e-07,0.0009215502220624,0.0009271992680484,0.0013259413151101,1689393274.5139656,43,32,500,576
43,152288,5259882,0.0197376109757663,0.0136515049919809,0.1558203871827076,-0.1568705455060087,-0.0572895490328581,-0.0459681893307519,5.941049190081773e-08,-6.338967053072885e-10,-2.5930576371616885e-08,5.8886605930284493e-08,1.6296140679523752e-08,1.801162446617229e-07,0.0009396597805051,0.0009429298679417,0.0013965677796355,1689393287.5531442,44,32,300,64
44,154568,5429927,0.0235342585641639,0.0048338050721886,0.239354546642052,-0.1487238851622618,0.0634715495714383,0.039244840814179,6.923973664258263e-08,-1.1496305342791721e-08,-2.6565477045654434e-08,1.0243556243215943e-07,8.77024847696125e-08,2.250873210233208e-07,0.000988325796366,0.001060354645776,0.0014228963777366,1689394989.0973983,45,32,500,192
45,158191,5589341,-0.0247058939509386,0.0028030000432139,0.2013489031565082,0.1118224132984435,0.1486673133182625,-0.0138120864635803,4.993853306016846e-08,6.447776050919456e-10,-1.5452878023144752e-08,5.24023087140444e-08,1.2245285323876608e-08,1.3954596355630884e-07,0.0008919406659122,0.0009124403604131,0.0013104188344684,1689396584.2461386,46,32,300,128
46,159919,5702220,-0.0007823986197938,-0.0244581441213767,0.2241184473251901,-0.0749910833104632,0.214427852164071,-0.1033804255704119,9.397273268531896e-08,1.1502580293192132e-08,8.328141809857467e-08,7.11968418852974e-08,3.016215875936121e-08,2.491226577091461e-07,0.0010530173384839,0.0010021050265229,0.0015343335452414,1689397713.7564156,47,32,300,256
47,159919,5704263,-0.0124026135395021,0.0199685488269989,0.174383920527827,0.2684803455207946,-0.0320342976846032,-0.0440692558574277,5.3849743504683455e-08,6.737587178794011e-10,-1.8369412879670043e-08,5.4734022517636266e-08,1.2290160456061916e-08,1.612639522673374e-07,0.0009113684734859,0.0009201742657954,0.001345670061052,1689397734.2087886,48,32,300,192
48,159999,5707537,-0.0005969834036761,-0.0033381583043421,0.2499078589618975,0.1067222081923188,-0.1696946080912991,-0.0715815982353012,9.310775842250388e-08,5.724523057509403e-09,-7.477551244560136e-08,6.589349554640371e-08,-1.7455500655702207e-08,2.0450088196593642e-07,0.0010366989290388,0.0009750250295467,0.0013844551115968,1689397766.968946,49,32,500,576
49,161731,5813604,0.00433007667741,0.0079477961784219,0.2480605556766368,0.3693671591508397,0.6528593160269248,-0.2412053259799864,4.599011085076486e-08,7.391782731750864e-10,-1.5336514151982408e-08,4.71784356401376e-08,9.711967440160443e-09,1.0422555735890127e-07,0.0008615456075448,0.000874072542875,0.0011500731868112,1689398828.316732,50,32,300,384
50,164920,5981200,0.0013215049348666,0.0133019320428669,0.2495732745776926,0.0551431077603614,0.2919179924693155,-0.0779894991270745,4.5471883822984495e-08,9.337212055547684e-10,-1.469362151707312e-08,4.6515208824740565e-08,9.066506081351358e-09,1.0317932890715253e-07,0.0008592156645202,0.0008702192610076,0.0011476256329862,1689400505.3387232,51,64,500,64
51,164920,5983187,-0.0173272952844932,-0.0150521728952043,0.1688137773401594,0.1312363569235587,0.2504434053664977,-0.0326306854353033,5.549362275741024e-08,-3.708334340485228e-10,-2.0430129583717707e-08,5.8239366815745516e-08,1.710977772732999e-08,1.709096745134241e-07,0.0009521305665161,0.0009562052051528,0.0014494315822101,1689400525.264604,52,64,300,416
52,165029,5983816,0.0042606502045558,0.0243895493846913,0.2478504044479654,0.2314862449790173,-0.0941300398245083,-0.0878409550059937,4.5450834362472584e-08,1.1206605685031701e-09,-1.4524987444820588e-08,4.591285380760454e-08,8.360736477548235e-09,1.0368002625800323e-07,0.0008587754727988,0.0008658699974986,0.001149638002702,1689400531.515013,53,32,500,352
53,166925,6097808,-0.0011569023912609,-0.0233778581230028,0.2378156422671216,0.0368852812496088,0.3169209499989365,-0.0458182766495415,9.057104344359632e-08,1.0808477775336326e-08,7.811375504742486e-08,6.841837169857178e-08,2.745792423149191e-08,2.279651229290313e-07,0.0010418373764676,0.0009894481263268,0.0014878219903925,1689401672.1638744,54,32,500,192
54,168521,6179216,0.0033295857469856,0.0235719083185452,0.1571705594179852,0.2658101987855192,-0.2217773169904105,-0.1126079724404156,1.052950671830952e-07,6.759320706024757e-09,1.0434207804360573e-07,7.773739137681537e-08,2.45176286221237e-08,3.6148198289069445e-07,0.0010944017262622,0.0010392857214831,0.0017607023128421,1689402486.7643664,55,64,500,288
55,168744,6180962,0.0220076703645791,-0.0075702629503736,0.1591465123409907,-0.1576422184361728,0.1850347564380985,0.0020532419826839,6.008724676545821e-08,-1.394747101457836e-09,-2.7331617549061245e-08,6.048872733377321e-08,1.914446925009861e-08,1.7854490336475685e-07,0.0009426240647277,0.0009508843189681,0.0013913050854251,1689402504.2351985,56,64,500,288
56,169182,6183866,0.0177469291372717,0.0151926481171627,0.1881558277180079,-0.2026045391494944,-0.146339577663097,0.0133323565079712,9.001006020625828e-08,5.882476241454291e-09,8.212217709340147e-08,7.174600584948638e-08,2.2491740951964107e-08,2.979063625227712e-07,0.0010437991294641,0.0010100086621044,0.0016478750136382,1689402533.2945294,57,64,500,64
57,169182,6185585,-0.0055142189135662,-0.0229216222221577,0.2401914665995154,0.0978152628121761,0.145020912882125,-0.0873704618920038,9.203807457757617e-08,1.1024064496198598e-08,7.922961171112633e-08,6.820004735092035e-08,2.7028129517340305e-08,2.2472413203995195e-07,0.0010463689606607,0.0009882099482688,0.001477726045645,1689402550.5047674,58,64,300,256
58,169901,6212325,0.0167014789182232,-0.0179281980513273,0.1544035355978489,0.0875663361279939,0.2692801848394757,-0.8312712363558735,1.058815615577899e-05,1.4206826310776275e-05,-3.2726881632134706e-05,1.943222459065771e-05,-4.446244271486191e-05,0.0001025533782239,0.0023188912651373,0.0033833008686253,0.0132783160677965,1689402818.0658174,59,64,500,96
59,170835,6243419,0.0193598067197941,-0.0147945832366567,0.2104994714952834,-0.2242973966471972,0.1932469661827614,-0.1258085902942526,8.76550292624103e-08,8.972615436223993e-09,7.904079826099795e-08,7.152816516951066e-08,2.9195054459403554e-08,2.7278987310617204e-07,0.0011405341658586,0.0010584668013566,0.0019459320045997,1689403129.2208078,60,32,300,160
60,171658,6270400,0.0170750369489303,-0.0148881895650571,0.1910783523242598,-0.2641101535918682,0.2040509659853695,-0.1324285647348556,9.206531066997725e-08,9.670574858635404e-09,8.427766814828255e-08,7.490688463158482e-08,3.2008885419599766e-08,2.981410820704654e-07,0.0010500704459954,0.0010207858656131,0.0016437502488464,1689403399.200987,61,64,500,288
61,171908,6287273,0.0124044364225479,-0.020958050472726,0.2378759149384041,-0.1405877429027536,0.0770291715111483,-0.0689486407719411,8.344945793433973e-08,9.035388156915526e-09,7.042041816027695e-08,6.681974247451065e-08,2.5642984685163096e-08,2.2340750691196945e-07,0.0010167204833816,0.0009815727193524,0.0014811674908041,1689403568.024043,62,32,300,160
62,177578,6585383,-0.0165304664370626,0.0102735749269511,0.2497136785558314,-0.0797908538747753,0.2475482128642308,-0.1528500136413313,6.492131325855764e-08,-5.84138109181066e-09,-1.6308882214355812e-08,9.127096838001621e-08,7.3484058682498e-08,1.990867301898206e-07,0.0009710637062912,0.0010424007415369,0.0013958285507791,1689406551.0607257,63,32,500,160
63,177578,6586413,0.0066179392254501,0.0240316839255421,0.2237648249589817,-0.2713563872968138,-0.0130501169871611,0.0004685136366175,4.876417441923304e-08,8.044138538765883e-10,-1.6860610807349443e-08,4.893273564414167e-08,9.86329704654795e-09,1.2099478591400453e-07,0.0008802069308006,0.0008856524420409,0.001214870101628,1689406561.3447,64,32,300,512
64,181470,6930289,-0.0065960026563029,0.0227255829582313,0.2430640702559978,0.3136884761120192,-0.0972159750810898,-0.0719963626944473,4.5380501825305153e-08,1.228220462145328e-09,-1.3792988381440522e-08,4.6245550557725275e-08,8.249085101463963e-09,1.0678118173755501e-07,0.0008589261521938,0.000868127016275,0.0011624476570439,1689410002.3088925,65,32,500,512
65,181640,6939259,0.0167345102182086,-0.0180136468187482,0.2401398708229927,-0.2471753586005403,0.0778105050546594,-0.0781921055237779,8.056727167211429e-08,8.252842568945304e-09,6.700259283141805e-08,6.572449641476588e-08,2.4342862096147792e-08,2.1816099939891082e-07,0.0010058927884254,0.0009762208768735,0.0014700894166198,1689410092.0966165,66,64,500,224
66,181845,6948561,0.0228777157599065,0.0079370243553291,0.238380639981323,-0.1318819546048777,0.0095060469309321,-0.0258921215702434,4.854965855460866e-08,2.2785919634762806e-10,-1.82657097332e-08,4.898054030983215e-08,1.1200456233882986e-08,1.1150154633174157e-07,0.0008769784822352,0.0008850441919475,0.0011780646271837,1689410185.1368515,67,32,300,608
67,182899,7039696,-0.0216775432544977,-0.010239014289082,0.1777164981395402,0.065366672256365,0.2447186947360095,-0.0696745005234405,5.353697050068756e-08,5.3587959682334964e-12,-1.824377295318308e-08,5.637114409806034e-08,1.5411966115925338e-08,1.6006942108034398e-07,0.0009098599365014,0.0009287003919137,0.0013413238958268,1689411097.100604,68,64,500,544
68,182963,7050411,-0.0176852613504258,0.0151200809938176,0.2461059809163724,0.2888109386574467,0.0310423115557939,-0.0285367555425026,6.15194762965894e-08,-3.477664613575566e-09,-1.3916354799148293e-08,7.523917090798644e-08,4.969732165828885e-08,1.6579977898467194e-07,0.0009475258817709,0.001013143502665,0.0013697942247917,1689411204.2963257,69,64,300,480
69,182979,7051962,0.0028871290419232,-0.0245953306133458,0.2415884323725869,0.2710193357681135,0.2508908175755129,-0.0730233792326326,4.776527855001693e-08,-1.1960979167113754e-10,-1.7418333264107723e-08,5.0036470156754964e-08,1.2583503272378058e-08,1.1097920470486203e-07,0.0008722111680388,0.0008908033644988,0.0011787465680969,1689411219.8167918,70,64,500,480
70,183189,7122156,-0.0048767939109678,-0.0058185027302642,0.2497925753002208,0.0701369883107166,0.2312652121838647,-0.0791909673408848,4.553479017768387e-08,6.070347185838043e-10,-1.4869029055621158e-08,4.753689151553815e-08,1.0196573553382362e-08,1.0374852688677508e-07,0.0008594655642468,0.0008761759122808,0.0011495154905502,1689411922.1990943,71,64,300,320
71,183259,7131210,-0.0246853193905647,-0.0036656700838677,0.2322498172922389,0.0736781423002759,-0.1147240358453025,0.0285101395603024,4.6101926112537354e-08,7.846707251097799e-10,-1.3644111294081844e-08,4.875394273030319e-08,1.0349455908704491e-08,1.1553278647051536e-07,0.0008647498520515,0.0008839621883399,0.0011963170400317,1689412012.796522,72,32,500,96
72,183966,7285732,0.0128404002352415,-0.020099286271705,0.2245577937169241,-0.2116824038513566,0.0153444473543942,-0.0721237825520857,5.0659720229591644e-08,-4.72631786498684e-10,-1.9846341063241264e-08,5.2349223829144144e-08,1.4122422439718736e-08,1.2279646068220818e-07,0.0008896620277804,0.0009045775419617,0.001217864110636,1689413559.0485048,73,32,500,128
73,184008,7288568,-0.0031330724762151,-0.0237804119428906,0.2124532502054712,-0.0372366426404563,0.1539851999327081,-0.0962081428270539,5.1006210535663875e-08,-3.8771662688318517e-10,-1.8948091942250903e-08,5.349740251989821e-08,1.4720896547155146e-08,1.3205936830326028e-07,0.0008928463423291,0.0009113757891134,0.0012506590140151,1689413587.4286995,74,32,500,224
74,184018,7290349,-0.0072898924240527,0.0018998916757175,0.2494793037702998,-0.3238639221852156,0.1214771422238297,-0.1043505430308319,4.5227554388204375e-08,8.138045565849966e-10,-1.4340030955864913e-08,4.700187264317489e-08,9.556678722767543e-09,1.0354933403825933e-07,0.0008582020005196,0.0008731200656435,0.0011488724157318,1689413605.2070878,75,32,300,576
75,184192,7362008,0.0029878841457752,-0.0230254381165527,0.2428335826472803,-0.1528723072616855,0.2646318712613014,-0.0172777646778468,4.756542015359099e-08,-7.004609145033334e-11,-1.7193452348250594e-08,4.9820465164699003e-08,1.2419769240860036e-08,1.0981923944109683e-07,0.0008717184879967,0.0008899839857557,0.0011719648886834,1689414322.256843,76,64,300,448
76,187485,7739523,-0.0247906743957858,0.0004927839607408,0.2115133148379804,0.0834008414627419,-0.0263880330479538,-0.0267410663275269,4.862158024245978e-08,7.036168802182538e-10,-1.4831244982706937e-08,5.108837992634909e-08,1.1418066700301034e-08,1.3097791545502724e-07,0.0008806549090712,0.0008982638723624,0.0012501731931536,1689418099.8371966,77,64,300,320
77,191072,7986663,-0.0199927752862975,-0.0149246730821343,0.2217074376020588,-0.0980022602194442,0.13570778554911,-0.0030194765632955,1.0424734339552213e-07,1.2358085020166832e-08,9.426579504668245e-08,7.232865917015226e-08,2.9123927617102856e-08,2.5691556886865565e-07,0.0010852884053665,0.0010089915704607,0.0015460710213638,1689420572.8448834,78,32,300,192
78,191315,7993204,0.0192197797583135,-0.0111921533656268,0.2063372077282868,-0.5038104343981871,0.0882275692858075,0.194488062984635,8.700897113409947e-08,8.440082453487622e-09,7.712452595947912e-08,7.134773897197364e-08,2.8051083396172563e-08,2.714164107561128e-07,0.0010319697514648,0.0010052317560693,0.0015940669886768,1689420638.2813094,79,32,300,384
79,194170,8237678,-0.0025073226795533,-0.0025167246613045,0.2497038389614511,0.1382442181868785,0.2852083466743633,-0.1008722684586764,4.562385593740039e-08,6.46875364533891e-10,-1.4967751434370905e-08,4.7426769469520144e-08,1.005828631154776e-08,1.0368475581560113e-07,0.0008598430220897,0.000875493713953,0.0011490316075011,1689423084.616614,80,64,300,576
80,198204,8307597,-0.009607497612697,-0.0220297287382923,0.2357661951196242,0.4272035695065579,0.0242818014362313,-0.0114286471356271,9.108152170735567e-08,3.1851146501251353e-09,-7.49408148360193e-08,6.66950083713078e-08,-1.3441952155961378e-08,2.2312003037905395e-07,0.0010321957393329,0.0009816122036601,0.0014335605825637,1689423784.224902,81,32,300,288
81,199496,8374912,-0.0039013440913053,0.0193507035685252,0.2499719697125954,0.1882204126303512,-0.1583037975751204,-0.0765220895562475,4.482260270297345e-08,1.1820321986834411e-09,-1.3750955521643226e-08,4.5755710416446935e-08,8.246246279353917e-09,1.0238552867653677e-07,0.0008551364500537,0.0008648047623249,0.0011448225653575,1689424457.8364744,82,64,500,192
82,199540,8376810,0.0038474874500874,-0.0241725472794536,0.2494940203746958,0.0721101821252237,0.298081492211959,-0.116940293699307,5.0130252151241624e-08,-1.6275742864478667e-10,-2.1696165570121066e-08,5.0126224104449446e-08,1.0558037262724374e-08,1.150186477244532e-07,0.0009220624846477,0.0009145695792247,0.0012255884608248,1689424476.78891,83,32,300,0
83,200108,8423065,-0.0208374663780315,-0.0129698786850611,0.2361055414410312,0.0178440379887831,0.2505456622005664,0.0507941928279875,4.61964830242005e-08,5.163760802481691e-10,-1.4327103954219064e-08,4.9072414414110177e-08,1.1084890137370137e-08,1.1360871909899897e-07,0.000865134933865,0.000886134421787,0.0011890340034844,1689424939.6377828,84,32,500,608
84,200823,8463336,-0.0103637423716989,-0.0221407434040162,0.1526851536055482,0.1765036506033292,0.2561856287301371,0.0183553279096833,5.833716038135015e-08,-9.613206842150151e-10,-2.2937828730907928e-08,6.117089456931109e-08,1.989510983608964e-08,1.8506440318801805e-07,0.0009358886356286,0.0009542768774421,0.0014114689524335,1689425342.6092408,85,32,500,576
85,201025,8469548,-0.0044273197020398,-0.0244815536901186,0.1787463117564292,0.033595940408467,0.2207769939021073,-0.0385759540940429,5.550428098297736e-08,-8.766219697913065e-10,-2.1859936557541515e-08,5.808062596807648e-08,1.7964796976223038e-08,1.6084565874448448e-07,0.0009192334215908,0.0009372661600502,0.0013416497523331,1689425404.765179,86,64,300,480
86,202469,8535228,-0.0128752224691155,-0.0198944998853553,0.2164415622354529,0.175054662878286,0.2001441246481446,-0.0555414917811266,4.9486536525170925e-08,-1.6789284122275468e-11,-1.7029836037900693e-08,5.229849951214632e-08,1.3546139780496705e-08,1.2850546442369193e-07,0.000884447971254,0.0009046869665366,0.0012400416219508,1689426061.9870176,87,64,500,32
87,204949,8602771,-0.0206616959785034,-0.0136669522878333,0.1943177446145703,0.0916267036404992,-0.0534528522698836,0.0025120814076332,5.154788005145823e-08,6.971000600957899e-11,-1.7307944507631306e-08,5.445312751587807e-08,1.4398576165449357e-08,1.460265856794917e-07,0.0008979457066938,0.0009174953446818,0.0012986291371796,1689426737.860664,88,64,500,288
88,205165,8606143,-0.015505031495739,-0.0168728927301301,0.2197815558954814,0.2676321860244199,0.1834420526129524,-0.0314303215421583,4.8789639405820714e-08,1.5405652582342347e-10,-1.629606154904724e-08,5.1602399290074386e-08,1.2894773997052522e-08,1.2594399497399446e-07,0.0008803512855002,0.0009006897413293,0.0012315892450837,1689426771.605482,89,32,300,576
89,205468,8610900,0.0069202279687439,-0.0220154501340477,0.2127550687802451,0.0602234784052487,0.3628448376818312,-0.0625335426816156,5.1817064907533997e-08,-5.792416443450421e-10,-2.0253256346780948e-08,5.381976182415759e-08,1.508546502605528e-08,1.32103690383896e-07,0.0008968722566986,0.0009133493840497,0.0012503789345068,1689426819.232607,90,64,500,384
90,205561,8612337,0.0174025240580131,0.017747814723986,0.1791723936520028,-0.2131445820011853,-0.228969020075896,-0.1097516313024788,5.5739456555410985e-08,-1.3084725562016676e-10,-2.276857709856676e-08,5.536201201316087e-08,1.3875846965558453e-08,1.577929004860448e-07,0.0009195865194707,0.0009229625744899,0.0013322812152617,1689426833.589011,91,32,300,0
91,205590,8613076,-0.0193681953132548,0.0140051488388454,0.2490857536840348,0.2563812863328994,0.1028538389798815,-0.1151302881533792,4.3999859473854856e-08,1.2651919507950594e-09,-1.2422613176817533e-08,4.5730336476162544e-08,8.098778674388211e-09,1.0283344214382408e-07,0.0008504467223925,0.0008649233757424,0.0011471500907335,1689426840.9887283,92,64,500,32
92,205633,8615399,-0.0142614796626079,-0.0197445398500618,0.2485910643954618,-0.3387513605382444,-0.6285171146921985,-0.3385598331556263,6.387541473712599e-06,1.158852135743353e-05,1.658573171788217e-05,2.1474100557740684e-05,3.058748784965361e-05,4.388385109977657e-05,0.0022777796212468,0.0050036979686279,0.0079359619062137,1689426864.2129562,93,64,300,320
93,206453,8643436,0.0104869527067519,-0.0023875019036345,0.2493693022681945,-0.409828595383629,-0.1148487744714574,-0.2755560448917059,4.668843625666024e-08,3.944252570400397e-10,-1.65023814644272e-08,4.7985589854792446e-08,1.0687369439420682e-08,1.0416856622910477e-07,0.0008655728190424,0.0008782031836518,0.0011480912532732,1689427144.7629151,94,32,500,512
94,206598,8650990,0.0158144540363133,0.0106453004609089,0.1501433701629708,0.0862710099962346,-0.0207280301289129,0.0347985883443864,5.999953705355086e-08,-6.711336229389063e-10,-2.6030604579793162e-08,5.979114686380348e-08,1.6941871259428072e-08,1.8595991124760644e-07,0.0009431747161561,0.0009479405778153,0.0014134634802253,1689427220.35738,95,64,500,96
95,206697,8656686,-0.0198056631595198,-0.0150743330382194,0.1948881050397803,0.2891083019401055,0.2672237364032288,-0.048270830825111,5.154548775541666e-08,1.297802631696323e-11,-1.7414581417443766e-08,5.4504912814410336e-08,1.4563195728832994e-08,1.4551027279223777e-07,0.0008975341544781,0.0009177864996074,0.0012966489035728,1689427277.365188,96,32,500,64
96,206874,8657878,-0.0230829604120462,0.0023772299145389,0.1889178625796079,0.2549950153785955,-0.0161709267285887,-0.0035546437762017,5.16255148287565e-08,5.504675786814734e-10,-1.6672511342832492e-08,5.3824777289870674e-08,1.2770912190025572e-08,1.4986597396073278e-07,0.000898776685148,0.0009145086946231,0.0013182623886588,1689427289.2896202,97,64,500,480
97,211391,8701423,0.023559543612578,0.0031990937642444,0.2437164145387733,-0.2419333349553666,0.081709291314959,-0.066353719206769,4.8066093348437546e-08,1.7413677287334714e-10,-1.809000759400509e-08,4.870211231826123e-08,1.1255555175740811e-08,1.0797076919735906e-07,0.0008738811699024,0.0008832682500337,0.0011641520868184,1689427725.0065582,98,64,500,288
98,211465,8703856,-0.0118810392404924,-0.0200973983506956,0.2486014927888693,-0.1299215962047958,0.312561466169653,-0.0733557237268466,9.287146499203768e-08,1.0981986245220506e-08,7.881547422404083e-08,6.685123981625305e-08,2.5332417398615672e-08,2.12993753860942e-07,0.0010476305320574,0.0009817292540291,0.0014474550538345,1689427749.3653212,99,64,500,608
99,219349,8835233,0.005191977964568,-0.0232794347963937,0.1703059476643532,-0.3438681820357392,0.3217576518177812,-0.0896195746290491,5.755533065266593e-08,-1.244495432443138e-09,-2.4257823249652632e-08,5.956375095769575e-08,1.9179430442411463e-08,1.6851727236276175e-07,0.0009301794659042,0.0009454451924326,0.001362928845318,1689429063.966464,100,32,500,32
100,219629,8843859,0.0121265688376975,0.0207735561845779,0.1941746416927909,0.2270857985750167,-0.4599375292825008,-0.0817242562176795,5.315874487554351e-08,2.9733254782862626e-10,-2.026616385541189e-08,5.3031815162144386e-08,1.2192419597003309e-08,1.4476434253566518e-07,0.0009049635850101,0.0009090895631547,0.0012928157775691,1689429150.282623,101,32,300,416
101,220312,8863232,0.0182458516343837,-0.0104916712373888,0.2476421626998812,0.4293335901288233,0.148456244230755,-0.248527517078184,4.761669324364021e-08,4.155885863890108e-11,-1.7735278784327812e-08,4.896611691766965e-08,1.1712851551874241e-08,1.0571120548947158e-07,0.0008698818696426,0.0008837305525648,0.0011534864000696,1689429344.1492643,102,64,500,608
102,221577,8906605,0.0090576841157784,0.0214040767831174,0.2362610492836566,-0.091916276039062,-0.1777461296007319,0.0377354814231384,4.7367149701291473e-08,8.356741932659276e-10,-1.617454611726584e-08,4.7686094215619044e-08,9.481611432294663e-09,1.119978496574349e-07,0.000871171027778,0.0008774943585181,0.0011822539346974,1689429778.1432865,103,32,500,352
103,222433,8932482,-0.0164778839697835,-0.016571905967387,0.2289071397803888,0.2239277343100617,0.2191153611109302,-0.0835785510770788,4.750724532186625e-08,2.8142618209860547e-10,-1.547611874409078e-08,5.03540479645846e-08,1.2091562658395581e-08,1.1887122867039029e-07,0.000872374766001,0.0008931903042903,0.0012064316049657,1689430037.1167123,104,32,300,448
104,222834,8937840,0.0095800102747097,-0.0209721865425184,0.1765186520834274,-0.0795303240383463,0.2561734640839758,-0.0454584723469249,5.701556742926418e-08,-1.180686864323142e-09,-2.4165035733381004e-08,5.8726336788585147e-08,1.849111393593833e-08,1.6297964480823796e-07,0.0009266045191954,0.0009408426914857,0.001346896386431,1689430090.6982925,105,64,500,448
105,223214,8948649,0.0229844916237725,-0.003980559842113,0.1956040262546806,-0.3157685183002799,0.1689267541680786,0.0204520573683114,8.717613392256874e-08,7.558513981332397e-09,7.794509274072837e-08,7.215973447331017e-08,2.7256286099513138e-08,2.865085386055148e-07,0.0010340681958614,0.0010099317031048,0.0016257024589052,1689430198.8733234,106,64,300,224
106,224411,8988579,0.0082348014875767,0.0228004289932113,0.1745613140146265,-0.3952516514830634,-0.0404564228858669,0.0305124369860062,5.547758305063628e-08,2.0721336735323695e-10,-2.1610813651083443e-08,5.5226688278144367e-08,1.3106808074823151e-08,1.6167300359373717e-07,0.0009198228700136,0.0009233428191417,0.001346413246769,1689430598.421376,107,32,300,288
107,224443,8992494,0.0096721560285391,-0.0222487751384562,0.2415709633518759,-0.0163609602034751,0.4194834095137091,-0.068854960604521,4.819984871548135e-08,-1.983570370384473e-10,-1.8008738280774513e-08,5.0179642746096936e-08,1.2753690080718913e-08,1.1058685468109912e-07,0.0008749582294029,0.0008920334791797,0.0011741414901095,1689430637.584812,108,32,300,352
108,224466,8994291,-0.0226973103265364,-0.0073056666991373,0.2043139526920931,0.0522074081892555,0.3294117389228863,-0.1657183799905395,4.9864993270015215e-08,3.8339306356650707e-10,-1.5961453045317184e-08,5.259578125035596e-08,1.2827874250262424e-08,1.367824125262859e-07,0.0008877754648013,0.0009069916564302,0.0012681195575602,1689430655.5730865,109,64,300,416
109,224632,9006882,0.0193568863627618,-0.0154929173874183,0.1807018241285438,0.1772267341534906,0.3510991778070272,-0.0617583377153813,5.704426032653364e-08,-1.2143343298442158e-09,-2.4865417506276663e-08,5.8100086561079864e-08,1.7945178533090783e-08,1.5875318651488616e-07,0.0009256568134207,0.0009373698112251,0.0013337994495745,1689430781.5595071,110,64,500,384
110,225527,9042693,0.0246237432148369,-0.0008694059719581,0.238843030845938,-0.1728794214452602,0.2340709459630794,-0.0368590031137622,4.8983350527843386e-08,-3.1452481647899926e-11,-1.8922096201840023e-08,4.968214763485031e-08,1.2007639748942288e-08,1.1179371053556946e-07,0.0008793884646467,0.0008893909682916,0.0011785772033119,1689431139.8988338,111,64,500,512
111,226512,9070481,-0.018325868919972,-0.0165661340364989,0.2437757749495337,0.1614630913681621,0.4205289297018892,-0.187092872891077,4.553180128371087e-08,4.5728415973119874e-10,-1.4319336579809862e-08,4.84168102393246e-08,1.0913879208735172e-08,1.0800984048090441e-07,0.000859620723673,0.0008813269401259,0.0011656534377983,1689431417.9558551,112,64,500,576
112,227338,9089117,-0.0026819592854874,-0.0095169349967031,0.2492983577497791,-0.0890940185792873,-0.251782949388829,-0.0781131047290919,4.5868725844297336e-08,4.895741932771764e-10,-1.530636128864125e-08,4.78942816397563e-08,1.0558323878075194e-08,1.0433674319736455e-07,0.0008613423510472,0.0008778252054518,0.0011511537855535,1689431604.4364204,113,32,500,608
113,228872,9127344,-0.0021593896226673,-0.0231391661246778,0.1823389438995653,0.0697185176976477,0.5422741190165082,-0.1244035719979482,7.58383239948308e-08,-8.169663921420115e-09,-2.4049955754435338e-08,1.0273481491585183e-07,7.846340878979356e-08,2.4243255168872537e-07,0.0010206947152458,0.0011318532598037,0.0015687451452712,1689431986.9811156,114,32,300,128
114,229106,9131446,-0.0114202246364013,0.0193922134866269,0.2483176240288164,0.2955598196021408,-0.367661418934428,-0.234996111915188,4.4409829035607777e-08,1.2936814039118974e-09,-1.2982861539005189e-08,4.559312329323015e-08,7.937554139184406e-09,1.0274074242344483e-07,0.0008522860525692,0.0008631007674337,0.0011454597449768,1689432027.9995542,115,64,300,64
115,229296,9135524,0.0188950796808532,-0.010637252466733,0.1806097095585766,-0.1647704323690489,0.3802911251307894,-0.1349453329937096,9.370765254145017e-08,9.407505193996133e-09,8.721663029108184e-08,7.645098409928806e-08,3.2644970953751074e-08,3.174531337116752e-07,0.0010570837354742,0.0010288002492562,0.0016821799167126,1689432068.8132389,116,32,500,64
116,230403,9161320,0.023658144304653,0.0068592153436245,0.2349525512209166,-0.391382216590338,0.0833667105211678,-0.0149995174755076,7.658472832398842e-08,5.168429627756077e-09,6.276920345669946e-08,6.360269780822214e-08,1.8383403805639618e-08,2.1986390953232093e-07,0.0009917198068277,0.0009682521276822,0.0014793940158387,1689432326.968663,117,32,500,608
117,232487,9191193,0.0177631868466302,-0.0145273590780725,0.2369326379773832,-0.3183093502983556,0.3762014569677815,-0.0085252088279622,4.924591404891176e-08,-2.6202616655169436e-10,-1.9079519196067383e-08,5.062645265059272e-08,1.2944908613193534e-08,1.1361198336190469e-07,0.0008813965093039,0.0008951446166624,0.0011855197045119,1689432625.8520849,118,64,500,288
118,232807,9198637,-0.0019609694307231,0.0215071318641597,0.2486795662456528,0.2766751412600512,-0.428054785674443,-0.0442304809111498,4.505940037102236e-08,1.1843886004731267e-09,-1.3946557814721329e-08,4.5832935401308726e-08,8.235645190232795e-09,1.0331209410046872e-07,0.0008564555047394,0.000864931597393,0.0011485633383811,1689432700.3494022,119,64,300,32
119,233816,9221119,-0.0119332891808705,-0.0204346321360554,0.2378350431684661,0.3463813794720466,0.2757911163688564,-0.0411592206406903,4.682465995774993e-08,2.1450857208507518e-10,-1.5542928257442025e-08,4.962866234935796e-08,1.1898533943325088e-08,1.1275667948946833e-07,0.000867571700159,0.0008886829009773,0.0011840735498095,1689432925.3046637,120,32,500,96
120,234718,9237998,-0.0147465876579628,0.0183690449719257,0.24140682750325,0.4112265917570943,0.0315063632066306,-0.1744259821162772,4.512146166563572e-08,1.246831949187046e-09,-1.3170075066028909e-08,4.647371175840141e-08,8.325811492818796e-09,1.078756596393137e-07,0.0008573089627468,0.0008694427060448,0.0011660740923127,1689433094.2036054,121,32,300,192
121,234886,9246760,-0.0236127021384565,-0.0076567366298035,0.2233793822448607,0.287824096679952,0.539907651904922,-0.2864251319853691,4.732597290452941e-08,5.747153384386226e-10,-1.4458037080220434e-08,5.0152810146647825e-08,1.1389379896406844e-08,1.2190186725206549e-07,0.0008714604374501,0.0008921193253467,0.0012165874702323,1689433181.9009306,122,64,500,64
122,235900,9263636,-0.023617490531807,0.0028048821610973,0.2487100267591856,0.0412351092603685,-0.3397457150763724,-0.2061537918057205,4.4002099428324816e-08,1.0760765938009774e-09,-1.2479904710313845e-08,4.630283765885729e-08,8.746740597108422e-09,1.032280925383975e-07,0.0008502916110515,0.000867734450099,0.0011475974101029,1689433350.7481446,123,32,500,224
123,238766,9337496,0.006635831577787,-0.0221469566642347,0.193794123259334,-0.2552950851475463,0.377914407674832,-0.1322238083256037,5.442176468163425e-08,-8.709457952767501e-10,-2.2117402405122463e-08,5.631090650420633e-08,1.677384524622157e-08,1.4745902691009038e-07,0.0009121817373295,0.0009275634609163,0.0012994297486002,1689434089.84085,124,32,300,384
124,239767,9353365,-0.0193087192012919,0.0110775169669571,0.2362029049540091,0.3432909183238853,0.0259461103655569,-0.0746362006694796,4.5642761904303625e-08,1.0980455322872875e-09,-1.3356761181145836e-08,4.746823735203845e-08,9.059842826958624e-09,1.1182785834504845e-07,0.0008611403633768,0.0008759482349691,0.0011820223251455,1689434248.649111,125,32,500,320
125,240073,9356076,0.0016263422243445,-0.0233097832425427,0.2444629361433772,-0.0817828076681309,0.264650619490937,-0.0753826169601298,8.720722770113767e-08,1.0137288013809561e-08,7.377688929328895e-08,6.676310300337082e-08,2.5933682070918506e-08,2.166774018631701e-07,0.001029363451302,0.000981085501279,0.0014612280287521,1689434275.745397,126,64,500,320
126,240242,9359470,-0.0196193209223796,0.0148141094009536,0.1935300404987422,0.3725962277409613,0.2655750413247478,-0.1902712814848823,6.85766085683247e-08,9.201582998028082e-09,5.5731074214630315e-09,7.870287481133545e-08,-7.252271860283117e-10,1.9401641020917538e-07,0.0009958663310288,0.001045746865967,0.0014332132367694,1689434309.7122734,127,64,300,224
127,244349,9414839,-0.0223035121668521,0.0051148009810373,0.2435427855645862,0.3258820461867188,-0.1567352853255643,-0.1168029596116626,4.4631832142438965e-08,1.072877637039638e-09,-1.2757396536748492e-08,4.683787546267396e-08,8.939768738370106e-09,1.0686609138839773e-07,0.0008544489785783,0.0008714898580525,0.0011626060795628,1689434863.7649322,128,32,500,384
128,242963,9415510,-0.0204886266590373,-0.0106893934986277,0.1547350114527091,0.2047604955373073,0.022219298305285,-0.0244135303241511,5.6687815907767435e-08,-2.554827607204349e-10,-2.0201956255741045e-08,5.949621085507977e-08,1.7485654202422846e-08,1.8162406304055824e-07,0.0009277869566705,0.0009457353791046,0.001403022303767,1689434870.480783,129,32,300,512
129,244432,9416582,-0.0094274094308371,-0.0209686454873208,0.2304433408623104,0.0161994370057021,0.2691778509089095,-0.1157446711843653,4.803450849271735e-08,5.739775465612929e-11,-1.649871374789216e-08,5.0723134362591776e-08,1.2655432080270585e-08,1.1811020237083037e-07,0.0008752040430389,0.0008952791529716,0.0012027283388019,1689434881.1915836,130,64,300,64
130,244441,9417624,-0.0187071727845235,0.0157448834429067,0.1990984045693893,0.0446834491617384,-0.3344306128493081,-0.0548259716082975,5.0240016805669745e-08,9.081690250559151e-10,-1.5776466942144515e-08,5.1669420181425046e-08,1.0836477566462452e-08,1.3986229306623426e-07,0.00089035646418,0.0009017349461312,0.0012795260969866,1689434891.617868,131,64,500,128
131,245604,9435866,-0.0226742161150492,0.0049602709595769,0.2410136305494015,0.3386161829068828,0.282515535699925,-0.0638057150697658,4.4966986968261226e-08,1.0324984282078e-09,-1.2941817689452545e-08,4.721520625226111e-08,9.177343735268618e-09,1.0885860635215773e-07,0.0008569340846176,0.0008745590099464,0.0011709310598903,1689435074.1549735,132,64,300,256
132,246332,9447823,-0.0176922133066702,-0.0171356902360725,0.2019506248209163,0.1190272073169907,-0.0602481959685004,-0.0424077943886782,5.090115360587567e-08,-6.2123582524764105e-12,-1.73337067415737e-08,5.380834776473463e-08,1.4250773093592624e-08,1.3989522515754426e-07,0.0008935197006648,0.0009134330901701,0.0012781260249654,1689435193.8097036,133,64,500,0
133,246616,9454066,0.002768262866287,0.0216212960724049,0.2029420933498993,0.1223709814463315,-0.4290917386580727,-0.0020368433444279,5.1275208924292895e-08,6.590927235122817e-10,-1.8312991836046904e-08,5.147712191731317e-08,1.0958945742155417e-08,1.374449642475155e-07,0.0008950722718118,0.0009003961276201,0.0012765959457494,1689435256.3046796,134,32,500,384
134,246711,9454614,-0.0131279730012068,-0.0197717914240267,0.2233849137975835,0.1902910677831076,0.2761453957615594,-0.0630051077165015,4.862680390024426e-08,7.011414100397322e-11,-1.6510675501099888e-08,5.1431633133866416e-08,1.2979845797225337e-08,1.2346898509146794e-07,0.0008791202009356,0.0008996185352156,0.0012224593125569,1689435261.754806,135,32,300,544
135,246872,9460932,-0.0201338541338869,-0.0131006472240528,0.2258781331222308,0.3507032523016622,-0.0585877957563135,-0.0381585475420088,4.74639626613345e-08,4.2036296418439403e-10,-1.5005503915887593e-08,5.0318375783100136e-08,1.1794343058834149e-08,1.2072373049588677e-07,0.0008723140884653,0.0008928545830162,0.0012136948643853,1689435324.97632,136,32,500,512
136,247067,9463794,0.0126683272131993,0.0194467779530984,0.2459972227853802,-0.1886872405950651,-0.2257468316929103,0.0036267786069849,7.787207710466272e-08,4.4652636790720496e-09,6.356893247401255e-08,6.128460646434093e-08,1.4636055666501151e-08,2.045891892610384e-07,0.0009953792661202,0.0009569809747608,0.0014393282797726,1689435353.61734,137,64,300,224
137,247184,9466668,-0.01833261738103,-0.0165469680149135,0.1926234699128653,0.3618041651373093,0.2785626132355727,-0.7850186059598866,1.7917616320674597e-06,2.9753311367718943e-06,-6.269062574922124e-06,5.386225408438581e-06,-1.111117831672862e-05,2.352548339049917e-05,0.0017098873232941,0.0026581934291895,0.0079203271199307,1689435382.3811643,138,64,300,64
138,247336,9468068,0.0010706257119037,0.0248152884622668,0.2227715229347099,-0.2822742011001252,-0.0621534095687197,0.1331615083841691,1.0416343440434436e-07,9.793738729355554e-09,-8.943210015303391e-08,7.216276254261646e-08,-2.6289471096500147e-08,2.456310321154393e-07,0.0010844472553181,0.0010092885900598,0.001494233449557,1689435396.3898752,139,32,300,160
139,247651,9469885,-0.0107383197425616,-0.0224581462331741,0.2249469525319855,0.2498718688406559,-0.0600292395237282,-0.0860497404407255,4.8648906498717585e-08,-1.0911112767137006e-11,-1.6774804698817064e-08,5.144471284305016e-08,1.3134372483130697e-08,1.2232592045129546e-07,0.0008788342446804,0.0008992016787019,0.0012177598297605,1689435414.573387,140,32,300,448
140,248403,9491788,0.0220735742466505,-0.0019669945809073,0.2338166820404123,-0.3878298250870225,-0.2500921523650871,-0.1036059618105222,7.800312483869794e-08,6.073489072289328e-09,6.43794185431679e-08,6.466262705318301e-08,2.0465913149258655e-08,2.2264969512660385e-07,0.0009965586196371,0.0009722796248303,0.0014832510219037,1689435633.7766733,141,64,500,384
141,249528,9504715,0.0190425838887061,0.0075414008659245,0.2413982664507179,-0.3730456017115368,-0.3951686260255918,-0.2549065650309128,4.785281716987809e-08,3.673892405209946e-10,-1.7514090631144567e-08,4.842683889250908e-08,1.0756173403748916e-08,1.0890736060042437e-07,0.0008723070166902,0.0008806421036981,0.0011664495343432,1689435763.0887363,142,64,500,480
142,250506,9512074,0.0212996683116519,0.0066183891227007,0.2322549558058605,-0.3724387842061321,0.0233080973355042,-0.1419163062037032,1.120394249896439e-07,9.09783144919017e-09,-9.528027799135975e-08,7.172716054620021e-08,-2.2806103395130863e-08,2.373981806068814e-07,0.0011137056236352,0.0010092668354159,0.0014877276024209,1689435836.7339537,143,64,300,352
143,251697,9530445,0.0219530429603934,0.0002522123751126,0.2313585092354905,-0.348774616791613,0.152662976624109,-0.1365991616911455,7.856488202327891e-08,6.0630974071927745e-09,6.519228877518313e-08,6.497894857210397e-08,2.0551837560494723e-08,2.2589930195041357e-07,0.0009991902996649,0.0009744196438412,0.0014914570952475,1689436020.5734062,144,64,300,512
144,253548,9556372,-0.0119519343299568,0.0195579587737521,0.2430481619700275,0.369698601780704,-0.0525643741977045,-0.186812854956821,4.508304063281605e-08,1.2286504548193059e-09,-1.3352763888474714e-08,4.6315634581217986e-08,8.312388436248803e-09,1.0655878350105717e-07,0.0008568548313391,0.0008682360340181,0.0011608146688821,1689436280.0286195,145,32,300,160
145,254852,9567656,-0.0200195463514352,-0.0094173684839018,0.2240025252183554,0.3925467545219666,-0.0530318476635183,-0.0413834300243499,4.765203535251965e-08,4.887842222203882e-10,-1.4998626041170742e-08,5.037011838538437e-08,1.1649334446971131e-08,1.2210276241543832e-07,0.0008735223822137,0.0008932490295948,0.0012185817543246,1689436392.90367,146,64,500,288
146,255708,9578988,-0.0056644566408685,0.0230787278522915,0.1948740862705769,0.2838389003985543,-0.3053835420410821,-0.1010158953699705,5.155604319875508e-08,8.018426461112844e-10,-1.7509681618950612e-08,5.2077444293712466e-08,1.0916080491554492e-08,1.4322488261662337e-07,0.0008970744987255,0.0009039916413617,0.0012893149045396,1689436506.296652,147,32,300,192
147,256341,9596085,0.0031832219114837,-0.0240962515990668,0.2218762003510974,-0.4505891764352947,0.1530413634333463,0.0009512711594368,6.405026573289874e-08,9.295820544861204e-09,-5.329746722543566e-09,7.52223280434888e-08,3.7720514076687415e-09,1.6605084289448396e-07,0.0009585341573209,0.0010072335078126,0.0013386988611625,1689436677.383826,148,64,300,128
148,257973,9622356,-0.011117927992579,-0.0169215600822384,0.2050477441972942,0.2009280563774429,0.4630712909967542,-0.0638846365186979,5.1095416445492646e-08,-1.2625820008393418e-10,-1.8091932339447503e-08,5.372232256660867e-08,1.4375726794538656e-08,1.375291232386286e-07,0.0008941484135583,0.0009132875354453,0.0012701755111092,1689436940.262972,149,64,300,512
149,259785,9666657,0.0183830814207573,-0.0109764151731535,0.2496705463847658,0.281891650606787,-0.1908878616236122,-0.0616628031175044,7.731833806442993e-08,6.971831961522228e-09,6.273789643521897e-08,6.306747853868728e-08,2.0819199022924894e-08,2.031228308113996e-07,0.000995300469956,0.0009642010424508,0.0014351319743131,1689437383.5845163,150,64,500,224
150,264875,9756891,-0.0041925790913041,-0.0240350045042331,0.2314210634069039,0.3673360292876456,0.0558749144605933,0.0053201235701814,5.997116714394758e-08,7.707595721059815e-09,-6.29369787766065e-09,6.944725267190894e-08,4.266571845229498e-09,1.4741488962164692e-07,0.0009435301736617,0.0009945109751613,0.0013123504083342,1689438286.4785988,151,64,300,288
151,266898,9804657,-0.0200634058921047,0.0132974964731754,0.24705121398169,0.2264913439458757,-0.1881558845547194,0.0351732147682042,4.424353860819185e-08,1.2493007087811503e-09,-1.2509261158582711e-08,4.601265583252328e-08,8.22939194355221e-09,1.0454887975097339e-07,0.000852488032219,0.0008668146598684,0.0011551252562752,1689438764.4685464,152,32,500,160
152,267519,9810481,-0.0208320481937031,-0.0042115288943183,0.2413382751611317,0.3488229837477125,0.2082442719485691,-0.2018255121363409,4.525651203910908e-08,8.003709004344021e-10,-1.34788042771729e-08,4.781584920301656e-08,9.933597883878312e-09,1.0899546545410299e-07,0.0008580715918137,0.0008775941375358,0.0011696709487593,1689438822.7149904,153,64,500,256
153,267503,9824582,-0.020031735117128,-0.0024614507579809,0.2486824335687265,-0.2085852774546081,-0.206387856466737,-0.1445523256015739,4.4361305089782254e-08,9.167315784477699e-10,-1.3025652422592728e-08,4.678012607996644e-08,9.285130970845932e-09,1.03799312829445e-07,0.0008530324030333,0.00087123055232,0.001150121178109,1689438963.8488894,154,32,300,416
154,269169,9832607,-0.0217299932668963,0.009665540531203,0.2405919898992784,0.2794585831349456,0.3181155819346291,-0.0994883873536165,4.5042058562707055e-08,1.1184744242729512e-09,-1.2936607476626089e-08,4.7034150390677785e-08,8.889464287917621e-09,1.0913863856072512e-07,0.000857447687656,0.000873520446162,0.0011716597818193,1689439044.1180863,155,64,500,448
155,269647,9836499,-0.0014211963593229,-0.0206061203682914,0.2452277310474246,-0.7181646165586141,-0.001706279754796,-0.513523823934499,2.182572721754398e-06,-1.0774572806385418e-06,3.7705992153356734e-06,6.507336647912033e-07,-1.946210510176268e-06,6.900103343506633e-06,0.0024374345464581,0.0014238828960792,0.005111388715879,1689439083.096936,156,64,300,0
156,279978,9987105,-0.0184651150126146,-0.0162600690080298,0.1782053281729248,0.2488318830067242,-0.1462690328512234,0.0429144327573396,5.5326875150628974e-08,8.135926003916516e-10,-1.7243859730301957e-08,5.9124754795873497e-08,1.4997083636508578e-08,1.6844815838467357e-07,0.0009440136010699,0.000970500936314,0.0013797567597141,1689440590.0916045,157,32,300,96
157,280311,9990721,0.0113159932738043,0.0185469860781817,0.2328291334424412,-0.2420677504878334,-0.6732538265166539,-0.1669693599112229,4.803304524333833e-08,7.045327975682654e-10,-1.6808144112234043e-08,4.8319620576329406e-08,9.933349443042382e-09,1.1435582031749538e-07,0.0008742683593783,0.0008800855034666,0.001188495755697,1689440626.2735305,158,64,300,160
158,281995,10017483,-0.0212623595409172,-0.000459688433346,0.1734930743218717,0.4261066562815624,0.1863729006557014,0.0226763086705867,5.381200879517528e-08,2.7042702096194925e-10,-1.8044338582741685e-08,5.6170510376520223e-08,1.4522812238994192e-08,1.6325523392445405e-07,0.0009114624456688,0.0009279724138935,0.001352050701163,1689440894.0662315,159,64,500,288
159,282930,10028095,-0.0174937006181005,-0.0118787411390963,0.2314510821530527,0.4538652404169098,0.1707711983289651,-0.1398930126634657,4.6961533949202935e-08,4.584612999735192e-10,-1.491191437381405e-08,4.967258989320413e-08,1.1415166621643288e-08,1.1657240404257213e-07,0.0008686037772625,0.0008888364392517,0.0011978442172095,1689441000.254094,160,64,300,320
160,287785,10101766,-0.0113684005210742,-0.019995192574889,0.2374979228108891,-0.2428426792980796,-0.4179473984839126,0.1559321806615823,4.701550232300384e-08,2.1395740453603424e-10,-1.5754382016557373e-08,4.970178669117819e-08,1.1916498207898709e-08,1.133058792253459e-07,0.0008698244832193,0.0008893831588304,0.0011875041082259,1689441737.4848192,161,32,500,544
161,291374,10170964,-0.0183982738583838,0.0160787729308179,0.1986651730355422,-0.2184040302860932,-0.4383089781582557,-0.2424791325440992,1.6267779437287406e-07,6.832544358285515e-08,1.6687912848489553e-07,1.83444297747572e-07,1.8689427008029275e-07,5.513628978447929e-07,0.0012678746968607,0.0014580249739773,0.0021548876836734,1689442429.8711622,162,32,300,64
162,292328,10188339,-0.019889126006667,0.0076920367495361,0.1826488653443723,0.4782413357132476,0.3426047521038797,0.0161380437537619,1.142725667129049e-07,1.0863336749380604e-08,1.1161195129295617e-07,7.732683601598371e-08,2.8756621397384725e-08,3.24557239783666e-07,0.0011192242423045,0.0010365465796123,0.0016856310401237,1689442603.7242095,163,32,500,224
163,292847,10198483,-0.0163513423998681,0.0136831113642388,0.1539369044361311,0.3402332030035203,-0.404848868028611,-0.0258146982106823,5.6433472923891954e-08,4.2786883461388736e-10,-1.96474895057729e-08,5.7737413144761364e-08,1.4240822471744812e-08,1.8090402310138282e-07,0.0009262509548977,0.0009366009367605,0.001401554134256,1689442705.2290962,164,32,300,128
164,297272,10257324,0.000177974531085,-0.0228855253251954,0.1704036685201615,0.2857146400730938,0.6057354753970879,-0.1739478667977478,5.6987902343677255e-08,-1.06557360636074e-09,-2.3181003930272677e-08,5.9345604793059724e-08,1.888289089673216e-08,1.685985120857651e-07,0.0009267604573495,0.0009439913504443,0.0013627597291142,1689443294.0370967,165,32,300,0
165,298839,10296096,-0.0088885077851281,-0.0192872837050562,0.2233816892890894,0.1089982917872982,0.5689738548524828,-0.2545355523231347,4.893450857298064e-08,-8.512125202003564e-12,-1.7040297998901664e-08,5.155243411856277e-08,1.3135275320989643e-08,1.2304736390050698e-07,0.0008803349654164,0.0009000965210128,0.0012190537486167,1689443682.024706,166,32,500,0
166,299924,10316708,-0.0211709392702515,-0.006977018086773,0.1841246380531404,0.3573449009990141,0.0682080445611613,-0.2428290984261467,5.2626079578649896e-08,1.8087550999145722e-10,-1.7578992456964493e-08,5.527450865133661e-08,1.4419954963225797e-08,1.5399599007567839e-07,0.0009035992050735,0.0009217875815437,0.0013212340963825,1689443888.23936,167,64,500,96
167,302019,10350004,0.0211977447080881,0.0119748922571233,0.1874404664235427,-0.3631477796880641,-0.4713283950257227,-0.1830871297234662,5.513274467001778e-08,-2.95506816657564e-10,-2.2813863918685785e-08,5.4896712005609674e-08,1.4128146900068518e-08,1.5083001079762532e-07,0.0009153780636187,0.0009195005899866,0.0013097244421063,1689444221.444795,168,32,300,160
168,304851,10368340,-0.0236945586154206,-0.0055428295596695,0.1946881439299765,0.1237209665543494,-0.1383537560736944,-0.0079403467230417,5.1004878933595803e-08,3.756096117828627e-10,-1.6414935152154786e-08,5.367691714218575e-08,1.3300561248828571e-08,1.449729150125036e-07,0.0008950129101551,0.0009132338633784,0.0012957380290627,1689444404.9208462,169,64,500,64
169,305580,10374687,0.0027160045115683,0.0230909341487247,0.2077351377195173,0.385902560478004,-0.3302251576166185,-0.1987123659902089,5.047666269124108e-08,7.425709884150543e-10,-1.7561129643761596e-08,5.0715749707701955e-08,1.05784496512097e-08,1.327498776514491e-07,0.0008895766081822,0.0008953813190132,0.001257881038233,1689444468.4090066,170,32,500,224
170,306713,10395463,-0.0206085626304477,0.0131171136295634,0.1690019989265483,0.3553076491473974,-0.0403225342840426,-0.0841560765654218,5.40331577055125e-08,6.247203627046042e-10,-1.77574186786323e-08,5.5653777221135634e-08,1.308624008595724e-08,1.6614970094167118e-07,0.0009127660638735,0.0009251353428492,0.001359893033872,1689444676.3128982,171,32,500,192
171,308582,10430638,-0.0225923565636206,0.0074520135733595,0.2221907177019154,0.2037230666515007,-0.0070105945416273,-0.1001885745816775,6.934604411083225e-08,-6.42258347585901e-09,-1.8416815108432095e-08,1.0113936307676945e-07,8.896274224883455e-08,2.452715310678844e-07,0.0009925264479635,0.0010573247239858,0.0014712964535201,1689445028.2810163,172,64,300,320
172,311083,10478208,-0.0245750094973974,0.0037020752241379,0.1787773406840719,0.2782128749100931,0.071127042621924,-0.0045425231848311,5.276205158888164e-08,5.053045316679864e-10,-1.697692945927933e-08,5.505160733538992e-08,1.344848009527152e-08,1.5828179144347156e-07,0.0009057339395308,0.0009217395490768,0.0013373377402603,1689445504.3168857,173,64,500,320
173,312919,10528325,-0.0019739622526493,-0.0229935901031951,0.1589491606627394,0.3240807148632907,0.4326998477266218,0.0476460060161753,7.513212538949196e-08,8.410217078499596e-09,-3.681761766520986e-09,8.579369021177972e-08,6.181279651991535e-09,2.388256970270819e-07,0.00102466143374,0.0010709791606559,0.0015295975005525,1689446005.7849722,174,64,500,576
174,313586,10537763,-0.0215227226343659,-0.0069909281962272,0.1948877005506868,0.6756177073697467,-0.3847946653766141,-0.2393574808803891,1.1271718893738114e-07,1.2542392571447046e-08,1.0736248457019607e-07,7.666552834488855e-08,3.11290657051979e-08,3.016402136046719e-07,0.0011134052618291,0.0010299187889993,0.0016356354790011,1689446100.2117553,175,32,500,416
175,318201,10625241,0.0212399874197734,-0.0110881919080964,0.1961457072902012,0.0189208416305823,0.3851597938955622,-0.0415868042586905,5.4944149520813563e-08,-9.12241124335341e-10,-2.3389088281113576e-08,5.5800364855046667e-08,1.6218340675055764e-08,1.4504948577383334e-07,0.0009139978087668,0.0009249023639825,0.001292093421519,1689446975.5533426,176,64,500,320
176,319647,10647740,-0.0166855756717888,0.017576264411385,0.2104732486578821,0.1696967935132202,-0.1280830846598581,-0.055116066484637,4.8923071177700055e-08,1.002259230263674e-09,-1.5163631616979587e-08,5.0242607022387067e-08,1.0094169149142789e-08,1.308982411365781e-07,0.000882073742052,0.0008932924599981,0.0012497243757108,1689447200.6871428,177,32,500,32
177,320613,10662283,-0.0134180836543939,-0.0182173141306875,0.1774407691521414,0.4067161659563717,-0.0064903942157173,-0.0715567222267342,5.4500527234811884e-08,-4.0720717869166464e-10,-1.989705517321112e-08,5.729890227531202e-08,1.6715685035063277e-08,1.6104195535656028e-07,0.0009140016145735,0.0009328766575485,0.0013429692381462,1689447346.229275,178,32,300,512
178,320842,10666428,0.0179727903331453,-0.0121855354158508,0.2316267066511027,-0.5486766273509365,0.5488722178523434,-0.0328558065368296,4.99147955868187e-08,-2.9916715904105125e-10,-1.9517129393785362e-08,5.1216221148184584e-08,1.3247199391469804e-08,1.1733466944306181e-07,0.0008857779517921,0.0008989703435752,0.0012002656245346,1689447387.688277,179,64,300,64
179,325307,10745829,-0.0243474689835439,0.0042199821833588,0.2110956707485991,0.1446789285762309,0.0736987233667699,0.0054813941560858,4.862959912786168e-08,7.882566389052208e-10,-1.476197385848956e-08,5.0907987668453104e-08,1.1109325629758177e-08,1.3119441570342396e-07,0.0008808125127842,0.0008974843257059,0.0012514303255772,1689448182.2137892,180,64,300,288
180,325307,10746581,-0.0138431354277039,0.0199099111768151,0.182587883562414,0.0960276993496658,-0.1186481901512914,0.0174092175169042,5.268414338357777e-08,7.67697552978623e-10,-1.7567694050367627e-08,5.3651344250094954e-08,1.1713089453153216e-08,1.5402273896300084e-07,0.0009049492237271,0.0009140173441353,0.0013245814006736,1689448189.748861,181,64,300,576
181,327993,10766543,-0.0192856022161383,-0.0152228294980746,0.1507596671928081,0.0004445935662565,0.1457459016896262,-0.0469973602545589,5.7522057651000094e-08,-4.991615259227802e-10,-2.1065460731651497e-08,6.050112876298226e-08,1.8628290175554592e-08,1.861433254696705e-07,0.0009324877382195,0.0009510970375974,0.0014147116674728,1689448389.520671,182,32,500,448
182,328059,10770016,0.0167726051451602,-0.0184612535896938,0.1767889312267108,0.0161637099944345,0.1317515150933374,0.0475895031326191,5.750859401945692e-08,-1.2980093962676368e-09,-2.5112204785444036e-08,5.876051519060037e-08,1.8524961100796934e-08,1.626471898430653e-07,0.0009287568462717,0.0009410434101169,0.0013463439633295,1689448424.2378588,183,64,500,0
183,331296,10843058,-0.0039299540526084,0.0244762977898251,0.165338601996543,0.1711253337774042,-0.0205309409500588,-0.0357691729222241,5.5605005922194143e-08,5.094229830446276e-10,-2.0267479363056492e-08,5.581406006357737e-08,1.2757191341373158e-08,1.6953212127872045e-07,0.0009209924120752,0.0009265426069821,0.0013694385837664,1689449155.1245775,184,64,500,480
184,331504,10845433,-0.0231135372062097,-0.0065618379150385,0.2100694342281506,0.1691823020983976,-0.001857482000794,-0.0746805663636897,4.907196028921552e-08,4.822931680347732e-10,-1.5435560385045172e-08,5.1774918036149744e-08,1.2251269156759557e-08,1.322790596103328e-07,0.000882918342212,0.0009019523069638,0.001253825863858,1689449178.8881078,185,32,500,448
185,331629,10848089,-0.0204769750006772,-0.0125697038817543,0.170188654674419,0.1419117739095637,0.0881831329645443,-0.0349317585612106,5.4705428522671325e-08,-1.5971497031427411e-10,-1.9119296464773105e-08,5.7582026422314865e-08,1.6372108930777732e-08,1.6721227751044813e-07,0.0009164614789251,0.0009352332253504,0.0013622844745161,1689449205.4656026,186,32,300,160
186,331829,10851282,-0.0186242184226334,-0.006623823646391,0.2219002217888726,0.4934363487094344,0.2749535867542178,0.1175226874537412,4.797236773622591e-08,4.928980597364227e-10,-1.5250483697082055e-08,5.0557384067953024e-08,1.1711858217681658e-08,1.2365418016875553e-07,0.0008759223844843,0.0008951524602684,0.0012259309558122,1689449237.4451292,187,32,500,32
187,332500,10860687,-0.004517989502037,0.0140648207025394,0.249788560862196,0.2536090317854766,0.429092837220733,-0.040152989778637,4.5006876948133715e-08,1.0464432060539475e-09,-1.4015059728418592e-08,4.6235466289689457e-08,8.750122879810009e-09,1.028543445423614e-07,0.0008565230199232,0.0008686718338825,0.0011472086357189,1689449331.5290213,188,64,500,512
188,333690,10900338,-0.0084526327900368,0.0234758740991903,0.241391476167521,0.2435183867818846,-0.014430266138388,-0.1407930013493222,6.005395589816266e-08,9.787283176928514e-09,3.2860831619958693e-09,7.06598682458231e-08,1.924368273457172e-11,1.4457787183988713e-07,0.0009340361038788,0.0009810343709462,0.001272720005525,1689449728.3007233,189,64,500,448
189,339708,11037307,-0.0029710242655081,0.021425603952736,0.2155522968872924,0.219362498064857,-0.5046170891536649,-0.1148268211103699,4.9066251819462714e-08,9.136812952755939e-10,-1.622155856989619e-08,4.967304911281906e-08,9.927084447654748e-09,1.2654981426583472e-07,0.0008816638263994,0.0008889507807479,0.0012335192486553,1689451098.8888206,190,64,300,192
190,342589,11092961,-0.0194190553851333,0.0131719067679857,0.1669664757727078,0.209364311388489,-0.1598019599796178,-0.0973413430915351,5.44556330771685e-08,5.787444792290747e-10,-1.8166612307995942e-08,5.5988394756592677e-08,1.3289806892874653e-08,1.6826549199021769e-07,0.0009151966358121,0.0009269281503425,0.0013656530650358,1689451655.7888064,191,64,300,352
191,342736,11094164,-0.010018700069189,-0.0226185133445541,0.1807912370010569,0.0987976621268661,0.1480404784973196,-0.0731966935795145,5.4572687382392856e-08,-6.185197844412803e-10,-2.053983851596297e-08,5.737049018760261e-08,1.718459164244138e-08,1.5860119619624809e-07,0.0009143503868254,0.0009333428301927,0.0013352113108556,1689451667.800058,192,64,500,96
192,342790,11095539,-0.0096389000208456,-0.0229459647891871,0.2304773656582333,0.002354083857654,0.1473758536347617,-0.1084020649007946,9.656196162767565e-08,1.1890479512586253e-08,8.506294977352802e-08,7.043241499819029e-08,2.9022197813411453e-08,2.401026108695504e-07,0.0010610895938215,0.0009986789220722,0.0015113097460537,1689451681.5849133,193,64,300,320
193,343293,11122901,-0.0188330044231953,0.0122088916091036,0.2471602278950974,0.4202194401478757,0.0964001130039223,-0.145259819341911,4.424656471261409e-08,1.2221957009418846e-09,-1.2571979476415192e-08,4.6041625877865746e-08,8.300833883635695e-09,1.041118259865718e-07,0.0008517568690818,0.0008667023647995,0.0011518172077509,1689451955.3537765,194,32,500,128
194,345789,11165940,0.0031159904547683,-0.0247746327120173,0.2397917134990668,-0.3699033825158911,0.1415187767655241,-0.0646020047848021,8.75057284469193e-08,1.0271585978831996e-08,7.456040390482945e-08,6.763514757932073e-08,2.6896275657786586e-08,2.2322245002500537e-07,0.0010294649740505,0.0009847264422424,0.0014766418707879,1689452386.0203853,195,32,500,192
195,347285,11203608,-0.0223120713363131,-0.004215807810604,0.1685734312294032,0.5681406771116239,0.2471971496536096,-0.2187098356889484,5.4351473497060126e-08,1.4773331159531863e-10,-1.8269319207066897e-08,5.698124919864009e-08,1.526646201231027e-08,1.672045226190884e-07,0.0009138817307765,0.0009317601746676,0.0013613654726374,1689452762.953328,196,64,300,192
196,350651,11279572,-0.0167758862165965,0.0131575718240576,0.2224711945648627,0.1952267226410862,-0.487245188091051,-0.1177129594116569,9.928696810468833e-08,8.054318054276112e-09,8.878397991807274e-08,6.84341444854415e-08,2.0308448553371504e-08,2.4840035950230066e-07,0.0010699118423645,0.0009929017290129,0.001529945064033,1689453523.071041,197,32,500,448
197,351230,11299047,0.0196313092765384,0.0092496633167432,0.2071889927673484,-0.454585766993643,0.2587300302369802,0.0232397195571529,5.251603544848648e-08,-1.0085626817741478e-10,-2.0911780511053304e-08,5.2659891748873526e-08,1.3081345790831064e-08,1.350103746719497e-07,0.0009015550077362,0.0009080740030264,0.0012615405820016,1689453717.9469569,198,64,300,320
198,351632,11318711,-0.0224553634398992,-0.0105428012291315,0.1987740228331127,-0.0656299518277378,0.5766734160586307,-0.1328100506243271,1.1192281503085454e-07,1.3206092008202198e-08,1.0590025935188229e-07,7.66054431999559e-08,3.232026223380983e-08,2.956787553102604e-07,0.0011089998853099,0.0010294417831236,0.0016248154270112,1689453914.7212691,199,64,300,160
199,358589,11464033,-0.0213095364989045,0.012585659239278,0.2000594884169939,0.0806058745099237,-0.2374648579065893,-0.1020837307124515,4.9997227149315256e-08,8.781487705936141e-10,-1.5492633763741568e-08,5.17042087421544e-08,1.1011144903058542e-08,1.3914362485369913e-07,0.0008888693218182,0.000901864801406,0.0012768015737819,1689455368.9005115,200,32,300,352
200,363453,11594548,0.0071335465089393,-0.0236900114163225,0.2480835622769797,-0.189513676791974,0.1276152984672144,-0.0798262475612075,4.7238291827462105e-08,-8.574924042965288e-11,-1.7264948137308983e-08,4.935671763968887e-08,1.2219510713299202e-08,1.062550972736219e-07,0.0008691217319665,0.0008868007905906,0.0011573104980357,1689456674.856747,201,32,500,576
201,363975,11601820,0.0155878235365989,0.0181669034219042,0.1884050139542825,0.0869029525604823,-0.5195003551818943,-0.0646650338478124,5.42917359565269e-08,7.284147301943552e-11,-2.1461899302458146e-08,5.4060244856657155e-08,1.3014597739421562e-08,1.4981496899747874e-07,0.0009112327065385,0.0009149896514584,0.0013083114532383,1689456747.6219256,202,32,500,384
202,365202,11633911,0.0211667427689078,0.0046114762111755,0.2377027146730868,-0.3484593388550927,-0.2749125491376976,-0.0437460628320837,4.877759516783263e-08,1.2816915446593148e-10,-1.8415604150371225e-08,4.9444282454502064e-08,1.1721361718000308e-08,1.127859454256754e-07,0.000880961482126,0.0008924821817118,0.0012058115816136,1689457068.7807024,203,64,300,0
203,365255,11639581,-0.0159673397477037,-0.0191096921993701,0.2171916380021811,0.1530118698586473,-0.088777084215924,-0.0604697632642332,4.910577284959439e-08,8.222587049152131e-11,-1.650572978413486e-08,5.200518822210997e-08,1.3232382994610282e-08,1.2780405058688318e-07,0.0008822732193044,0.0009027247064078,0.0012376689120641,1689457125.4969714,204,64,300,352
204,367673,11696224,-0.0169716763588845,-0.0153676081686082,0.2392955328639333,0.6162218570061565,0.0590623741365153,-0.1191911219469553,4.603455672938069e-08,4.5999105281289437e-10,-1.4497862548983961e-08,4.8876559307895844e-08,1.1094909052253358e-08,1.11100410159109e-07,0.0008623860888738,0.0008836613338976,0.0011776019209709,1689457692.3046684,205,32,300,256
205,367912,11703633,0.0041973033381436,-0.0239630651401033,0.1884231832260864,0.0657527758651153,0.1497856716630878,-0.0114390172613993,5.4918033073239455e-08,-9.246031626205495e-10,-2.2220767463757738e-08,5.7051507974315535e-08,1.7343964050523445e-08,1.523374196667757e-07,0.0009151122143516,0.0009314673210803,0.0013156509837107,1689457766.4249794,206,64,300,608
206,369543,11737655,0.0062718405749344,0.0228887366232336,0.1533876836219896,-0.1236990813098876,-0.2594617869365863,-0.0843283360188945,5.819901346055016e-08,5.976111006369476e-11,-2.3260346447110357e-08,5.786747984029084e-08,1.4327495910694932e-08,1.814756841394408e-07,0.0009345092812516,0.000937600073001,0.0014013716144235,1689458106.8650453,207,32,500,512
207,370838,11794718,-0.0102907734471262,0.0217721608254222,0.2030865345397174,0.3690254305837128,-0.3320205115086792,-0.0835284157434066,7.184552267223611e-08,-6.876356620159611e-09,-2.1579556925062343e-08,9.869521993167925e-08,8.938596487487606e-08,2.7171515001965464e-07,0.0010038390701203,0.0010526107055056,0.0015303347683571,1689458677.8520858,208,64,500,608
208,373604,11900192,-0.0238809389647818,-0.0041757409138672,0.2114727400278106,-0.0032025434992224,0.5628166251680423,0.0083599814570185,4.8849741605079763e-08,5.384124621146769e-10,-1.5245572364391518e-08,5.1506910802485774e-08,1.2023576438067536e-08,1.3141185114973682e-07,0.0008823017341444,0.0009014311323069,0.0012521447866742,1689459733.26943,209,32,300,608
209,383311,12191377,0.0128059985978947,-0.0188481012062725,0.1986923279950613,-0.0509762309687837,0.745683165004465,-0.1230253277995323,9.305025445079085e-08,1.0577777129162514e-08,8.500031980920243e-08,7.446915365116825e-08,3.270382663020442e-08,2.875986605463653e-07,0.0010534041867768,0.0010188449701644,0.0016223456377021,1689462647.0091174,210,32,500,320
210,383309,12192044,0.0038256370634383,0.0117746345403877,0.2490177079173976,0.4889331337014078,-0.3491811576882916,-0.3793703085028183,1.1235011115074567e-05,-6.334545731515819e-06,-1.6585965612942732e-05,3.707765136580469e-06,9.438454510686964e-06,2.4816115894440357e-05,0.0039557634288346,0.0020892510251095,0.0069963611146821,1689462653.6581223,211,64,500,608
211,384963,12250187,0.0056635737416284,-0.0235055997356368,0.2229549181428236,0.3040643977137427,0.2318224642862323,-0.2409271190728067,6.386912328144947e-08,9.375115158394944e-09,-5.386458463843272e-09,7.514499440466191e-08,3.779258330584293e-09,1.655399994581397e-07,0.0009670517195029,0.0010215136559625,0.0013443485088801,1689463235.5128367,212,64,300,320
212,388927,12373766,0.0025712805337874,-0.0129246435541512,0.2486131497866336,0.4118128624812787,-0.1252885099931182,-0.3100266742915934,4.6080970719844245e-08,-7.805825997443322e-10,9.36168840201292e-09,4.655710210357316e-08,1.651070201651669e-08,1.0449115767625041e-07,0.0008665614196835,0.0008640530165664,0.0011494378490507,1689464472.0692265,213,64,500,0
213,395670,12562148,0.0187131781712061,-0.012889780823772,0.222021512430416,-0.3263062844598783,0.2211641824641342,0.0182291869399965,5.125887631377619e-08,-4.69789532907249e-10,-2.0510827344806568e-08,5.245387481189816e-08,1.4042296118710393e-08,1.2458562221656944e-07,0.0008934154417705,0.0009058763585404,0.0012249942111756,1689466357.100959,214,64,300,224
214,407801,12969820,-0.0182468239481057,-0.0157808110946293,0.2288645631852001,0.2000978000979083,-0.0374664922360602,0.112926740584481,4.7355489686990826e-08,3.387194615276029e-10,-1.5235990160134214e-08,5.0226648809585797e-08,1.1935749375103096e-08,1.1896978594002705e-07,0.000872064952078,0.0008927506263764,0.0012086843374958,1689470436.4159832,215,32,500,416
215,411230,13079137,-0.0179388744307565,-0.0149879858978836,0.1834224062629049,-0.1148817870983116,0.5286401469289618,-0.0707676123250575,1.1400600962832905e-07,1.4093327704183044e-08,1.1086811377629885e-07,7.989754995921253e-08,3.652413642749332e-08,3.2423702210953935e-07,0.0011160223159475,0.0010436111715811,0.0016819673512196,1689471530.3407338,216,32,500,256
216,414112,13177675,0.0147548621169842,-0.0196858339022042,0.2179816314762138,0.023137621122893,0.1036637357998027,0.0395342401603858,5.1692851286060034e-08,-6.127009282870471e-10,-2.0692746123160748e-08,5.327654555157408e-08,1.477039426187842e-08,1.2802979580732924e-07,0.0008957052636906,0.0009101644817543,0.0012368773727226,1689472516.303963,217,32,300,128
217,414112,13178175,0.0171123039285075,-0.0009367652660829,0.225093105713269,-0.0293761141442477,-0.0725423921355113,-0.0036395394894187,5.0229422683620176e-08,-2.9849361158248794e-11,-1.9269216433145582e-08,5.1079333186373216e-08,1.2566030849620224e-08,1.2146678914886486e-07,0.0008872784409047,0.0008975568745497,0.0012144437280227,1689472521.3173585,218,64,300,32
218,414717,13202404,-0.0112523285548166,-0.022125300610019,0.2317348627661847,0.0300537176752389,0.5325590924474681,-0.1951162786499724,7.156278344277874e-08,-1.0474616401864149e-08,-2.254351072936829e-08,1.1852304146187309e-07,1.0320381506412168e-07,2.413796587500002e-07,0.0010085748552764,0.0011291598723772,0.0014895296320816,1689472763.7626011,219,64,500,256
219,416907,13269030,-0.0082225085045094,-0.0227991935189684,0.1746007179119517,0.1843772310553439,0.1374606069237236,-0.0602129734393,7.221001849163573e-08,8.743738183498312e-09,-2.323627635834012e-09,8.294960245792546e-08,4.174338292661904e-09,2.1926637435890626e-07,0.0010101668064455,0.0010580294077856,0.0014836488915488,1689473430.4574118,220,32,300,512
220,417046,13273318,-0.0150186103604668,0.0197553561364709,0.2400128433387858,-0.0005784388371961,-0.0298881366801872,-0.0432452464892318,4.5280119244593126e-08,1.2583020426115522e-09,-1.326640695138506e-08,4.654800374000085e-08,8.313650051930066e-09,1.0883498251767536e-07,0.000859200260083,0.0008704894236258,0.0011710298659154,1689473473.3811414,221,64,500,0
221,419200,13322017,-0.0238953336685634,-0.0051669471578936,0.2232276021549795,0.0806948247141691,-0.0015098993374037,0.0400781416465456,4.7355988063460125e-08,6.463822845263721e-10,-1.4436357039360316e-08,5.00333139906806e-08,1.1173802756970838e-08,1.224048865375441e-07,0.0008727441016061,0.0008919685653244,0.0012210753689344,1689473960.688733,222,64,300,512
222,422773,13434311,0.0064140426088226,-0.01885883478514,0.2364438729790504,0.3151218205984611,0.6406225882512665,-0.2483939459892159,4.8471405516233896e-08,-1.2031125464633818e-10,-1.7856318284527406e-08,5.0482418525581816e-08,1.2744722148007452e-08,1.1378956156061456e-07,0.0008761064097315,0.0008935148900235,0.0011851826681911,1689475084.3367608,223,32,500,352
223,424076,13493975,-0.0041695284638159,0.0225715841027331,0.226302451492497,0.0268602777136599,-0.3160848880140892,0.0780379995820131,4.776180001659053e-08,1.0255399183502964e-09,-1.5435560643308373e-08,4.83844759052995e-08,9.297703262515404e-09,1.1919090814027147e-07,0.0008745226581455,0.0008819798716707,0.0012095782832193,1689475681.3355055,224,32,300,32
224,430727,13717650,0.0084630672672464,-0.0207325151145482,0.1726625789676325,0.2637707901084637,0.5964390311109583,-0.35434336319088,2.0611846721975014e-07,-3.2740364977016616e-08,2.3635669053246362e-07,1.207028147010608e-07,-7.466159826053175e-08,6.59572127283424e-07,0.0013988151597074,0.0012688364620222,0.0023428975901881,1689477919.5488524,225,32,300,512
225,433685,13810090,0.0095336420543878,-0.0220093962235644,0.1875490102377926,-0.6765630199917214,-0.0329396985193986,-0.2697922084420515,9.692268578418929e-08,1.1373897808188696e-08,9.027295623602114e-08,7.709254883638393e-08,3.5269937702810805e-08,3.069547665207049e-07,0.0010634825493236,0.0010283776649282,0.0016542194903433,1689478844.5168524,226,64,300,480
226,435075,13926862,-0.0023614773393227,0.0239479689997149,0.2169450207791467,-0.3958949596218693,-0.676618240891917,-0.1047118374633134,4.8955566787233056e-08,9.47926751346238e-10,-1.624233272646238e-08,4.9373940731946644e-08,9.694548598071903e-09,1.2558208509696008e-07,0.0008814611454223,0.0008872269375335,0.0012302283136031,1689480012.992759,227,32,300,32
227,440713,14630190,0.0137263781046985,-0.0128286226249138,0.2491697394147162,0.0235498985823439,-0.2392886072852658,-0.1118856159811061,4.7275700060813633e-08,1.026520711234255e-10,-1.7424819189842034e-08,4.876106719726623e-08,1.1531996126232057e-08,1.0519913232015887e-07,0.0008686316918007,0.0008827254403355,0.0011552153391197,1689487050.7887363,228,32,500,64
228,442533,14794057,-0.0014944502783136,-0.0245366859595795,0.2276104759976515,0.0896903890346884,0.3146033987400763,-0.1409066950844271,4.913817868101197e-08,-2.3364658149465083e-10,-1.788760441919235e-08,5.1627556741547714e-08,1.3559960319274778e-08,1.2042081455548185e-07,0.0008811057351249,0.000900303254225,0.0012099666488126,1689488690.5325935,229,64,500,160
229,443195,14901181,-0.0130266214492293,-0.0206836696790992,0.2497213661611886,0.182642439581718,0.1635397871335275,-0.0373791645682327,4.5282924296759176e-08,3.6856880771989564e-10,-1.461012700207397e-08,4.8117972658360215e-08,1.0957687215269105e-08,1.0463798875298375e-07,0.0008579514636908,0.0008794490946954,0.0011531841352586,1689489762.4281154,230,64,300,320
230,443280,14940748,-0.0084598455916889,0.0193404966730135,0.1993454908227128,-0.3535665700613745,0.1803023740104027,-0.1636748876131585,1.000075964367525e-07,7.2733921560104045e-09,9.271174707295317e-08,7.135416630151687e-08,2.128048561202316e-08,2.83722084604088e-07,0.0010721358888566,0.0010080161362244,0.0016079140517884,1689490158.3885126,231,64,300,128
231,444539,15075929,-0.0219328897221433,-0.0069836897746677,0.2216524939964104,0.1789390433336957,0.1968975582215023,-0.0325632507782851,4.775395935965907e-08,5.480020437873339e-10,-1.4861355527959994e-08,5.0444694977794004e-08,1.1555282516511328e-08,1.2366762460696248e-07,0.0008747536606568,0.0008942599986591,0.001224596545411,1689491511.0281472,232,32,300,64
232,447011,16579709,-0.011381503381921,-0.021746670501882,0.2375464585986356,-0.2819975731295416,0.3219560439824918,-0.0917696309445578,4.7059830725054106e-08,1.3421266366379754e-10,-1.5842414247881456e-08,4.987064977030315e-08,1.2156298030778374e-08,1.1336723633857095e-07,0.000869711446548,0.0008904918112792,0.0011856283470319,1689506558.4274795,233,32,500,128
233,447251,16904120,0.003723707206716,-0.022534290934111,0.1696018311890944,-0.063171806376814,0.3701835147056909,-0.0601662150352079,5.743543951340756e-08,-1.168131899889683e-09,-2.3950526556128873e-08,5.9511089896381525e-08,1.9044647013741577e-08,1.6909367381749476e-07,0.0009295279061365,0.0009452337149808,0.0013650546135848,1689509804.6166816,234,32,300,352
234,448710,17862102,-0.0156363211539802,0.0169337104611489,0.1500837390234652,-0.0244840193490725,-0.0803050460566014,0.0814335597709657,5.6977779238020296e-08,4.3996578483666406e-10,-2.0088125025976817e-08,5.805184852268349e-08,1.4224082482367152e-08,1.847340730943612e-07,0.0009301258149544,0.0009393910622082,0.0014134351236938,1689519390.520663,235,32,300,352
235,453983,19511195,-0.0167743975668718,0.0149831708356554,0.2496844893290309,-0.2990807879503657,-0.1170521668130982,-0.1381900905542952,4.412280237214039e-08,1.2541604408702246e-09,-1.2683519882772674e-08,4.5686355527253353e-08,8.102489829777967e-09,1.024226776112022e-07,0.000851703383134,0.000864689836328,0.0011452254404813,1689535891.9489205,236,32,500,0
236,454367,19565313,-0.0140523951166067,0.0123663276983951,0.2499120421586715,0.2753543133075651,-0.0695396305283973,-0.1188190536086449,4.434370978171178e-08,1.1729311581132356e-09,-1.2996534272675454e-08,4.5953817342702086e-08,8.384858634975431e-09,1.0264934407685737e-07,0.0008522422845923,0.0008659853265498,0.0011457328008418,1689536433.476714,237,64,300,32
237,454383,19566612,-0.0224617773400782,-0.0107508111899023,0.2285950844993745,0.2537431197738455,0.2925867072442811,-0.1337042498793546,4.688633156956678e-08,5.297417704696133e-10,-1.445028426438662e-08,4.975945982154573e-08,1.1333552708579197e-08,1.1848867107696177e-07,0.000868872008919,0.0008897829564415,0.0012053533152853,1689536446.4612408,238,64,500,64
238,454383,19567680,0.0133279409058202,0.0172795616824375,0.2220008986209948,-0.3134599784833176,-0.2879413648661181,-0.1339470259331581,8.34627114527558e-08,5.1525069315496255e-09,7.159724216016904e-08,6.5685875362342e-08,1.7758053655506588e-08,2.404701840382212e-07,0.0010167069937094,0.0009792105448269,0.0015224768910132,1689536457.148332,239,32,500,160
239,454404,19571638,-0.0022626819047446,-0.0215285617733694,0.2489434326773942,-0.1365775574290097,0.1592471006803717,-0.1468414082925798,4.633631237234727e-08,1.5115404907043623e-10,-1.602312946739922e-08,4.876150643243447e-08,1.159967559066552e-08,1.0559588430021033e-07,0.0008639998288576,0.0008831656598075,0.0011546483904314,1689536496.7535603,240,32,500,384
240,454920,19600520,0.0176201858847582,-0.0172949569621835,0.2334813397260341,-0.0521313689352751,0.1736893704476277,-0.0580572387539815,4.9742411138621566e-08,-3.67434539331039e-10,-1.9446361979782333e-08,5.1206909250437835e-08,1.3384231946114256e-08,1.1612562286919425e-07,0.0008837586644435,0.0008979363553546,0.0011939761625035,1689536785.772766,241,64,500,448
241,455175,19641594,-0.0205986128182821,0.0131719662948772,0.1849329428161618,-0.0379769023191126,-0.1849131859269663,-0.0394210388642458,5.202346432916032e-08,7.486652506484921e-10,-1.670057248753842e-08,5.3630520949669284e-08,1.20074989930089e-08,1.521152111257889e-07,0.0009014262866906,0.0009136188490235,0.001318386623528,1689537196.7605295,242,64,500,448
242,456286,19966233,0.0238341858342647,0.007393185978203,0.248184583652417,-0.1714653181266345,0.1759373711450092,-0.1151061868464311,4.7358350153282694e-08,3.1971853730222955e-10,-1.7514445044322786e-08,4.7887398952252933e-08,1.067850563599066e-08,1.0477382015799105e-07,0.0008694303229629,0.0008782379189035,0.0011515076433545,1689540445.2367666,243,64,500,128
243,456383,19984011,-0.0157223489075787,0.0094830672718916,0.2490238451154344,0.0297873042749796,0.1314941944258005,-0.1229888103842098,4.44067174241664e-08,1.1154893800893783e-09,-1.3034637825631013e-08,4.6195563835868274e-08,8.610384817582876e-09,1.0322688791515469e-07,0.0008531284524428,0.0008679811814798,0.0011483040486428,1689540623.105237,244,64,300,608
244,456759,20127764,-0.0026628409276244,-0.0227520523820817,0.2365280655199597,-0.2119925483135941,0.2332623407148049,-0.0904126105347871,4.788913676791739e-08,-4.1624641998013505e-11,-1.699898105461303e-08,5.0345409188633225e-08,1.2628614814745108e-08,1.1395331988971105e-07,0.0008740408633463,0.0008930540831409,0.0011871353881683,1689542061.5492015,245,64,300,192
245,458067,20378948,-0.0130257195554356,-0.0203066245005894,0.1915567803912818,0.3188696393459013,0.0956094699286437,-0.0739127445802269,5.271943154796582e-08,-3.198937394737435e-10,-1.8944387201133385e-08,5.5574451643446044e-08,1.5713359297066917e-08,1.487291955970181e-07,0.0009036183009612,0.0009232737940026,0.0013056091691601,1689544574.988946,246,64,300,512
246,458116,20381952,0.0249286149403137,0.0011633753653579,0.2416592508483316,-0.1472227687272405,0.1359015982161593,0.0575174545048943,4.853585580500531e-08,5.7613918949954864e-11,-1.8569516213772092e-08,4.918288301573502e-08,1.1653197865254269e-08,1.0973347117362325e-07,0.0008768646829015,0.000886462971131,0.0011717370649215,1689544605.0725925,247,32,300,96
247,458271,20431331,-0.0167645371016996,-0.0161012963999142,0.2138836155599695,0.2515857236722948,0.2341644054700527,-0.070174648422354,4.939177439360448e-08,1.313318478000176e-10,-1.6510574832124265e-08,5.2233322456822026e-08,1.3229681102855265e-08,1.3020120928839508e-07,0.0008840941944346,0.0009043964070981,0.0012459874987081,1689545099.1727538,248,64,500,480
248,458329,20432055,0.0050348939374161,-0.0243191316157121,0.2451608210590989,-0.3153223790637068,0.0347543785394633,0.0391977010980607,4.749523203872953e-08,-1.1022176417313948e-10,-1.733863355902667e-08,4.969577682389283e-08,1.2428168109384756e-08,1.0841543279385914e-07,0.0008713296226492,0.000889193731442,0.0011667664427713,1689545106.390872,249,64,300,32
249,458657,20525924,0.0200609624850211,0.0005299495934299,0.2497962167617002,-0.3074665730325779,0.0589510534950591,-0.0496734357029888,4.7162187874265386e-08,2.7098866983314225e-10,-1.7336059033944944e-08,4.805419488913263e-08,1.0899211675325057e-08,1.0396685689714156e-07,0.0008685380033896,0.0008792732214316,0.0011489326794246,1689546045.677651,250,64,500,480
250,458820,20594991,-0.0065397905356978,0.0236398716084619,0.2293461665230444,0.1578531228805683,-0.0749960819706851,-0.0675391785120449,4.7052274366994856e-08,1.1277214724062562e-09,-1.4748361195766051e-08,4.7787164615007246e-08,8.894566250583245e-09,1.162628445573918e-07,0.0008698597231606,0.0008781825895806,0.0011981395650157,1689546736.824533,251,64,500,576
251,458867,20616135,0.004051007203717,-0.0222814294576382,0.2420621871459898,0.1638327381067846,0.2783945610841492,-0.047194908494603,4.770135513516689e-08,-8.293249837843876e-11,-1.7307703199424133e-08,4.9917284486922184e-08,1.2475391055183477e-08,1.1024783156298109e-07,0.0008719757953854,0.0008902259761239,0.0011731478916688,1689546948.3886588,252,64,500,192
252,458903,20654598,0.0037639267413771,-0.0237101384996585,0.2109767583850914,0.1623782791011564,0.1589991115010726,-0.1148645153574022,5.177507796890527e-08,-5.575238312803318e-10,-1.9983805687221705e-08,5.396795901738893e-08,1.516431226975064e-08,1.332830199373456e-07,0.0008964814797621,0.0009137492818422,0.0012539223929514,1689547333.2349465,253,64,300,320
253,458914,20667901,-0.019504240139499,0.0143922345026985,0.2491053412493145,0.1461063729208293,-0.2573803332830282,-0.0881902832657256,4.3975856074541775e-08,1.283545757360784e-09,-1.2383806696863017e-08,4.56741432768162e-08,8.030885339601827e-09,1.0280283904670533e-07,0.0008504052473568,0.0008642378080068,0.0011471845391949,1689547466.3608117,254,64,500,576
254,458922,20668603,0.0093621844786398,0.0227295772865224,0.2281609686791525,-0.4766089583293199,0.0019030330929255,-0.0564138944873814,4.8456892179009713e-08,7.504630125470324e-10,-1.6915216472624353e-08,4.8626392252452585e-08,9.900939772689346e-09,1.1790864330581053e-07,0.0008781143605978,0.0008836478130238,0.0012030976835168,1689547473.4205055,255,32,300,608
255,459256,20792658,-0.0241521391753579,0.0031583552601734,0.2041292951239774,0.055532564678922,-0.1555507524768807,-0.0863910308751491,4.94870088668537e-08,7.162083161364848e-10,-1.5243231628139196e-08,5.1775010550105033e-08,1.1605648134043393e-08,1.3632320696033194e-07,0.0008858753587587,0.0009021961961984,0.0012675998165549,1689548714.713116,256,64,500,288
256,459288,20867346,-0.012728828069154,-0.0212328275744299,0.2480161505874811,0.1109896972693769,0.0724019367881382,-0.0462870521293638,4.553186237946497e-08,3.2772707216088237e-10,-1.4813615941125117e-08,4.836513413538296e-08,1.1140042350231553e-08,1.058568965015471e-07,0.0008595466430298,0.0008809493930763,0.0011576040197184,1689549462.1044967,257,64,500,192
257,459360,20908365,-0.0122984541057539,-0.0209614600681527,0.2396909640176375,-0.2647443363801271,0.2159581445424863,0.0293057016034544,4.6656829608364157e-08,2.0802014321810078e-10,-1.5526951484086766e-08,4.94568822134367e-08,1.1839285628181009e-08,1.1158946029573693e-07,0.0008675149920884,0.0008882233692584,0.0011803210607059,1689549872.552632,258,32,500,384
258,459435,20932974,-0.0213028800916902,-0.0097961408140548,0.2164548727238108,0.3744886241163036,-0.0019262034755675,-0.0266148664221261,4.849677971435076e-08,4.2800298444752326e-10,-1.536673608506958e-08,5.127402567134542e-08,1.2175695323541069e-08,1.2773355612227418e-07,0.0008789776916544,0.0008987867537154,0.0012384743254685,1689550118.7966428,259,32,500,256
259,460207,21050711,0.0159539103330716,-0.0181616579199248,0.1957799745451012,-0.1907843719569149,0.1072366473962034,0.0401119682204432,7.444581226412214e-08,-9.341030296546932e-09,-2.6220214068147752e-08,9.93676908720687e-08,7.444884537400994e-08,2.2682955039469799e-07,0.0010124985010194,0.0011180671684407,0.0015306839920744,1689551296.93265,260,32,500,416
260,460643,21160916,0.021790478672771,-0.0107365333239811,0.2463414891164009,-0.2497762959979257,0.0256746471282667,-0.0296573710203732,4.8168969425589414e-08,-9.391147672031864e-11,-1.8434448076582097e-08,4.9344048625236566e-08,1.2084739725901449e-08,1.0705913734559378e-07,0.0008742787910261,0.0008868787128441,0.001160244748595,1689552399.656613,261,32,300,608
261,460664,21197102,-0.0193312778254407,-0.0117271774433538,0.2241045552926334,0.378092154231241,-0.0760123600785785,-0.179500672082048,4.767152763483553e-08,4.311388431816903e-10,-1.5115480822408754e-08,5.0445567461297225e-08,1.1800754931633692e-08,1.2163533811269784e-07,0.0008731829367214,0.0008932506897003,0.0012156969970104,1689552761.7249255,262,64,500,64
262,461036,21296938,-0.020950297978964,-0.0120964932186054,0.2247968479958686,0.4005721844941711,-0.0591170760078702,-0.1127715803628137,4.7660697460097496e-08,4.033354498618871e-10,-1.5076880592044708e-08,5.0610015089357545e-08,1.2145983988945489e-08,1.226468824654514e-07,0.0008941526348623,0.0009314496674969,0.0012863639463753,1689553760.7185423,263,32,300,0
263,461141,21314375,0.0044831886285522,-0.0148571512406061,0.2494484817931,0.460545451636372,-0.0507480407729154,-0.1093919451673752,4.650210961787407e-08,2.422231442085549e-10,-1.627275867262862e-08,4.8481119229048274e-08,1.1250733040926788e-08,1.0463100257462012e-07,0.0008640624893265,0.0008810092944763,0.0011513969653603,1689553935.2087698,264,64,500,32
264,461338,21356002,-0.0029463192723956,-0.0242091459814152,0.2158852423684845,0.3072013421429734,0.1006157213908147,-0.0676216031404755,6.493684383615623e-08,9.279438902370469e-09,-4.0386902505104485e-09,7.601383441890204e-08,2.975048694278397e-09,1.719622961262031e-07,0.0009612986436737,0.0010100211318377,0.0013548749255761,1689554351.743214,265,32,500,608
265,461849,21797874,-0.0202921783361653,0.0139851308629007,0.1926666669720215,-0.0458940872280829,-0.2766458804080861,-0.0337082109071721,5.102660887951935e-08,8.26996928327712e-10,-1.6152460629635416e-08,5.2597364440081534e-08,1.1418604063830448e-08,1.4542272110619401e-07,0.0008953985638802,0.0009074313484024,0.0012975681033513,1689558773.263096,266,32,300,384
266,463851,22407170,-0.0219595486390193,-0.010749280922428,0.20653908296254,0.2490795879583821,0.0785195984936197,-0.0140922670687469,4.978097517833504e-08,2.977718324192898e-10,-1.609897950587356e-08,5.2621608335278226e-08,1.3061795944878688e-08,1.356944638127207e-07,0.0008871734163953,0.0009069734666354,0.0012654905066806,1689564870.1287382,267,64,300,32
267,464068,22440620,0.0095751228549282,-0.0113885471233016,0.2279749914580998,0.0911767411581414,0.3004513303159405,-0.0193171356617661,4.9694669503754184e-08,-1.247952846266183e-10,-1.874491082291077e-08,5.1239795739504767e-08,1.2991480365761446e-08,1.19737641484584e-07,0.0008843447430974,0.000898686517385,0.0012084390542683,1689565204.8485603,268,32,500,0
268,464265,22530796,-0.0199194428453301,-0.0095924594663316,0.2103667765685835,0.4881441929375377,-0.1071092181426672,0.0260957285969399,9.296122211143104e-08,4.0042883867176895e-09,-7.936028463931932e-08,7.058400659908009e-08,-1.6623068453314766e-08,2.571527535023535e-07,0.0010410102134348,0.0010000108465447,0.0015093680147099,1689566107.1511447,269,64,500,544
269,465442,23536947,0.0158390565618097,0.0175808811711787,0.2244243795807357,-0.0766798062921249,-0.1714874036061061,-0.0059290468437741,4.95175294193047e-08,4.6203564656717176e-10,-1.8185006907010942e-08,4.9650842174783325e-08,1.0846353051623965e-08,1.2096008814874345e-07,0.0008836185943121,0.0008893684879499,0.0012136485902023,1689576175.084721,270,32,500,608
270,467406,23915504,-0.023229616804292,-0.0052655438251125,0.2090508194448011,0.0792574934949446,0.6321685519013311,-0.2215148193334297,4.9185479248727986e-08,4.750165219756815e-10,-1.5487148318048953e-08,5.1883768469332395e-08,1.2315318635048153e-08,1.329586146314364e-07,0.0008836097140474,0.0009030293657597,0.0012552484994009,1689579963.0466924,271,32,300,256
271,467810,24256329,0.0157211984409372,-0.0188041753972028,0.2471780709048981,-0.3165689935301077,-0.1034536084140748,-0.0575321673815399,4.78508803080192e-08,-1.4034802646532523e-10,-1.806272171797071e-08,4.948349664919038e-08,1.2293408176443382e-08,1.0660249763087398e-07,0.0008724798738696,0.000887448122234,0.001158280360475,1689583373.476757,272,32,300,320
272,467887,24285879,0.0214973157618288,-0.0119054907535967,0.1944573157763224,-0.1499505825508169,0.3307069614337679,0.0231806729521266,5.524449296652559e-08,-9.728229465734714e-10,-2.3673572861331912e-08,5.6101691447878616e-08,1.6475508941683496e-08,1.4668132572208333e-07,0.000916037952248,0.0009268006709051,0.0012977750925611,1689583669.1568916,273,64,500,96
